word,sessions,clients
អនុវត្ត,1469,788
សំណើ,1360,829
អាសយដ្ឋាន,1300,423
អភិវឌ្ឍ,1247,911
ការ,1199,678
សិទ្ធិ,1058,434
ព័ត៌មាន,1052,780
នឹង,917,673
ដែល,874,637
សមត្ថភាព,867,637
អនុញ្ញាត,821,578
ពីរ,802,211
ស្ដង់ដា,795,481
ដំឡើង,794,488
សម្ភារ,784,488
លក្ខខណ្ឌ,781,540
ខ្សែ,779,311
មោទនភាព,755,369
តុក្កតា,750,50
ទូរសព្ទ,731,454
ទុរគត,731,69
ឱ្យ,720,478
ផ្ញើ,716,515
អភិវឌ្ឍន៍,710,522
គួរ,708,293
តួអង្គ,669,61
សម្ភារៈ,668,459
និង,666,480
វឌ្ឍនភាព,663,463
ស្នើ,662,479
បង្ក,656,464
សីលធម៌,655,505
ខ្មែរ,645,196
ប្រសិទ្ធភាព,642,451
សំឡេង,625,387
សន្តិភាព,625,449
ចម្ការ,622,129
បង្គុំ,622,54
អគារ,619,390
សហការ,603,419
ឧបត្ថម្ភ,598,457
សហគមន៍,580,440
សេដ្ឋកិច្ច,577,420
គំរូ,577,371
ថវិកា,576,419
សម្រាប់,569,405
មនុស្ស,557,259
កិត្តិយស,534,396
ចីរភាព,533,379
ដំណើរ,529,392
ញ៉ាំ,528,337
ពិសា,526,319
មេត្តា,526,375
វិក្កយបត្រ,519,327
បុគ្គលិក,519,217
ប្រព្រឹត្ត,518,392
តម្លៃ,515,382
មាន,513,395
កាតព្វកិច្ច,497,369
ស្មើ,495,325
អារម្មណ៍,482,364
គូរ,482,232
អនុវត្តន៍,480,344
សមរម្យ,473,337
កម្សាន្ត,472,331
គុណ,471,394
ចិត្ត,467,378
កេរ,466,300
លម្អ,464,304
ផ្សារ,464,332
ផ្សា,458,305
ប្រយោជន៍,457,361
និរន្តរភាព,457,289
ចរចា,455,282
សុភមង្គល,453,372
អនាគត,451,322
ប្រសើរ,447,305
ចរាចរណ៍,446,171
អាហារ,441,246
បម្រើ,439,189
សូចនាករ,438,310
បច្ចុប្បន្ន,435,341
ស្ថាប័ន,435,321
ឥរិយាបថ,435,337
សិក្សា,427,314
ពាក្យ,426,314
កម្រិត,426,279
តស់,423,305
ជីវភាព,423,338
ប្រណីត,419,229
សុចរិត,415,359
សោភណភាព,415,204
នវានុវត្តន៍,415,233
ទេសចរ,412,274
មនសិការ,409,337
ឱកាស,407,260
ជំរុញ,407,260
បទពិសោធន៍,407,290
សាមគ្គី,405,313
រយះ,403,78
អក្សរ,403,294
បរិយាបន្ន,403,313
ចរិត,403,258
សព្វ,401,304
ក្លិន,398,152
សេចក្ដី,395,326
ឧបសគ្គ,395,308
អគ្គិសនី,394,245
បទពិសោធ,389,216
សម្រេច,389,260
ប្រតិបត្តិ,388,280
រក្សា,388,283
សម្ភាស,387,278
ស្រឡាញ់,385,244
ប្រពៃណី,385,271
ទំនោរ,382,117
អន្តរកម្ម,381,255
វិជ្ជា,378,315
អ្នក,374,303
នូវ,371,285
ឧត្តម,366,267
លទ្ធផល,364,247
បញ្ជា,364,249
សោមនស្ស,363,270
បារម្ភ,360,281
ហ្នឹង,358,276
ភារកិច្ច,357,307
ពណ៌,356,260
បន្ត,353,241
វិនិយោគ,350,265
អំឡុង,350,247
ចន្ទ,349,216
ឥទ្ធិពល,349,256
គតិយុត្ត,347,245
កាដូ,345,221
ដៃគូ,344,243
កុម៉្មង់,343,242
សង្ហា,342,183
ចួប,341,223
គុណធម៌,341,255
បញ្ជី,340,249
អនុម័ត,340,258
សម្ល,339,220
ទុរេន,338,242
ឧបករណ៍,335,267
សម្បូរ,335,244
សួស្ដី,334,256
កេរ្តិ៍,332,266
បច្ចេកទេស,330,276
ភស្តុតាង,330,228
វិសោធនកម្ម,330,131
បង្ការ,328,217
បរិស្ថាន,327,258
ស្រលាញ់,327,229
សង្គម,327,262
ក្រ,326,237
សន្តាន,326,235
សិទ្ធ,326,255
ពិនិត្យ,325,141
ទេសចរណ៍,324,253
ទិដ្ឋភាព,323,249
ថ្លៃថ្នូរ,321,257
ស្មារតី,320,262
ជោគជ័យ,320,244
ធម្មជាតិ,320,264
អ៊ំ,318,206
មរតក,318,262
អភិរក្ស,316,252
មាតុភូមិ,315,254
សមាគម,314,243
បញ្ហា,313,214
ប្រព្រឹត្តិ,313,173
បេសកកម្ម,311,234
សុបិន,310,228
រាជ,310,197
ព្រះ,309,264
ទុក្ខ,309,264
ការងារ,308,264
ទ្វារ,307,196
ពិភាក្សា,307,217
ញាតិ,306,246
អស្ចារ្យ,305,234
ស្រ,304,255
កញ្ច្រែង,304,38
លក្ខណ,303,232
វិញ្ញាបនបត្រ,303,217
ផ្សព្វផ្សាយ,302,248
គោរព,301,235
អប់រំ,300,227
អធ្យាស្រ័យ,300,219
ជួប,300,232
សំរាម,298,209
ឧស្សាហកម្ម,298,238
ឆន្ទៈ,298,233
សរសើរ,297,205
កម្លាំង,295,213
ប្រាជ្ញា,295,223
ពន្យារ,292,173
អាទិភាព,292,221
លម្អិត,292,176
និន្នាការ,291,223
ភាសា,288,220
ស្ទើរ,287,126
ឧត្តមគតិ,285,215
ជម្រាប,284,190
បៀវត្ស,283,175
ធនធាន,283,221
កម្ម,282,235
ប្ដូរ,282,175
ឧស្សាហ៍,282,215
រំលឹក,281,163
សារ,281,232
ប្រព័ន្ធ,281,225
ឯករាជ្យ,281,136
ស័ក្ដិសម,281,214
អាសន្ន,280,215
ដោយ,280,205
អរិយធម៌,278,207
ហ្មត់ចត់,278,213
សុខ,278,238
មហិច្ឆតា,278,222
ពហិការ,278,199
ប្រធាន,278,40
តុល្យភាព,277,210
ចំហ,277,167
បរិបទ,277,202
ទុក,276,216
យន្តការ,275,210
ស្រមៃ,275,211
មាតា,274,138
អាគារ,273,190
អត្ថិភាព,272,157
ឧទ្ទិស,272,212
សម្បត្តិ,272,219
កតញ្ញូ,271,206
សម្បទា,271,194
ជៀស,271,169
ជំងឺ,270,212
អលង្ការ,270,219
ទង្វើ,269,188
ដែរ,269,184
ទិន្នន័យ,268,202
ពិព័រណ៍,268,177
ឥណទាន,267,203
បណ្ដា,266,202
រចនាបថ,265,129
ប្រសិទ្ធ,265,162
អក្សរសិល្ប៍,264,206
សតវត្ស,264,212
ទស្សន,263,217
អន្តរាយ,262,213
បុណ្យ,261,181
អីវ៉ាន់,260,184
ព្យាយាម,260,215
ចៀស,259,191
កម្រៃ,258,220
ល្អ,258,193
មីនា,257,202
សន្មត,257,198
បញ្ញា,256,191
សមាហរណកម្ម,255,184
ជនបទ,255,37
សុខភាព,254,209
តួនាទី,253,199
រចនា,253,210
បេតិកភណ្ឌ,253,207
ចំណែក,252,86
សិរី,252,174
តម្លាភាព,250,187
អាណត្តិ,250,152
ព្រឹត្តិការណ៍,250,187
ភាព,249,209
រយៈ,249,139
ចិត,248,166
ញាំ,248,191
អាចម៍,248,174
ប្រយ័ត្ន,247,168
ស្នេហា,246,174
ក្រដាស,246,159
វិវត្ត,246,198
ប្រារព្ធ,246,195
ធនាគារ,245,199
កម្ទេច,245,120
សង្ខារ,244,190
គុណភាព,244,172
ប្ដេជ្ញា,244,178
បញ្ញត្តិ,244,191
វិញ្ញាណ,243,199
បិត,243,194
ត្រលប់,242,146
ខណ្ឌ,242,170
លទ្ធភាព,242,201
ឈ្មោះ,241,177
គ្រ,240,190
បដិសេធ,240,178
សម្រាក,239,185
មាតិកា,239,193
ក្ដ,237,185
បុរាណ,237,175
យូរ,237,159
ពិពិធកម្ម,236,164
ដំណើរការ,236,171
ស៊ី,235,157
បណ្ដាសា,235,69
ទ្រព្យ,234,189
សសរ,234,138
ពាណិជ្ជកម្ម,234,189
គុណសម្បត្តិ,234,173
ប្រសាសន៍,233,176
សង្គ្រាម,232,189
ទូរ,232,189
សម្អាត,231,185
គុណវុឌ្ឍិ,231,173
វិភាគទាន,231,36
វេលា,230,178
ឫទ្ធិ,230,160
វចនានុក្រម,229,180
សប្ដាហ៍,229,168
ឯកោ,229,171
សីល,229,191
ប៊ិក,228,143
កុសល,227,173
សឹក,226,141
ចំណេះ,225,188
បរិវេណ,225,174
សាសនា,225,179
ខ្មាស,224,138
ស្ថានីយ,224,167
សម្ដី,224,155
ជាតិ,224,188
សាធារណៈ,224,182
ឧត្តមភាព,223,176
ស្វាគមន៍,223,166
មង្គល,222,161
ករុណា,222,170
សាមញ្ញ,221,172
មោទកភាព,220,135
សន្ទនា,220,177
ស័ក្ដិ,220,149
និរន្តរ,220,145
ហេដ្ឋារចនាសម្ព័ន្ធ,220,133
អធិបតី,220,109
អញ្ជើញ,219,161
ពង្ស,219,176
អក្ខរាវិរុទ្ធ,218,172
បរិសុទ្ធ,218,184
ពុទ្ធិ,217,165
សុទិដ្ឋិនិយម,217,160
ឆ្លៀត,216,162
សម្ពោធ,216,147
វីរ,216,164
សវនកម្ម,216,144
រៀង,216,153
គ្រួសារ,216,164
កសិកម្ម,216,163
មន្ត្រី,215,182
បាន,215,155
មន្ទីរ,215,114
អនុស្សាវរីយ៍,215,159
ហិង្សា,215,165
តំណ,214,155
ទម្លាប់,214,169
សិល្បៈ,214,150
សុំ,214,173
សង្ក្រាន្ត,213,157
ការពារ,213,178
ភ្លក់,213,149
បិទ,213,153
រាង,213,164
បញ្ជាក់,212,156
មធ្យោបាយ,212,170
នយោបាយ,212,146
សង្សារ,211,154
រៀន,211,150
អតិថិជន,211,147
យុត្តិធម៌,211,169
ភេសជ្ជៈ,210,84
សុខុមាលភាព,210,169
ប្រាតិភោគ,209,48
ធ្នើរ,209,76
អនុលោម,209,168
រូបិយប័ណ្ណ,209,170
សរសេរ,209,160
មាលា,208,74
សម្គាល់,208,150
បុគ្គល,208,178
ដទៃ,207,164
មារយាទ,207,166
បណ្ឌិត,207,156
ចំណុច,207,165
របស់,206,146
តតិយជន,206,142
បដិវត្តន៍,206,127
យោបល់,206,158
ព័ត,206,184
គង្គា,205,154
អធ្រាត្រ,205,71
អនុសាសន៍,205,141
អគតិ,203,168
និយាយ,203,153
ជម្រាបសួរ,202,159
ឧបសម្ព័ន្ធ,202,134
ចំប៉ី,202,22
ធុរៈ,202,152
សទ្ធា,201,163
សៀម,201,135
ឥឡូវ,201,140
ចិញ្ចឹម,200,154
សប់,200,164
អនាម័យ,200,161
កំពុង,200,148
តថភាព,200,165
តស៊ូ,199,157
អាជ្ញាធរ,199,167
វិបត្តិ,199,166
វិវត្តន៍,198,155
រងា,197,132
នាម,197,162
ភូមិសាស្ត្រ,197,147
ហិរញ្ញវត្ថុ,197,155
បទបញ្ញត្តិ,196,153
ធ្វើ,196,161
គណនេយ្យភាព,196,88
អង្គការ,196,141
មូលដ្ឋាន,196,154
អចិន្ត្រៃយ៍,196,143
មិត្ត,196,152
អត្តសញ្ញាណ,195,157
កម្ពស់,195,152
រដ្ឋបាល,195,159
ចេស្ដា,194,130
ចម្រើន,193,170
ធម៌,193,165
កាល,193,156
អប្បបរមា,193,138
រដ្ឋាភិបាល,192,145
វិទ្យាសាស្ត្រ,192,155
វិមជ្ឈការ,192,126
គម្រោង,192,128
គម្លាត,192,88
វង្ស,191,119
វប្ប,191,150
ប្រវត្តិ,191,153
ច្បាស់លាស់,191,64
កសិករ,191,161
ទ្វេ,190,149
ជំនាញ,190,159
អាស្រ័យ,190,162
គណៈកម្មការ,190,136
កោសល,190,12
កេស,190,146
វដ្ដ,189,92
កាលៈទេសៈ,189,140
រចនាសម្ព័ន្ធ,189,130
បរិក្ខារ,189,150
ចោះ,188,48
ច្បាប់,188,161
ដើរ,187,147
និន្ទា,187,143
អត្ថប្រយោជន៍,187,145
ប្រក្រតី,187,110
អ៊ីនធឺណិត,187,126
អត្តសញ្ញាណប័ណ្ណ,186,141
ស្រាន្ត,186,148
វិជ្ជាជីវៈ,186,146
អ៊ី,186,123
សមុទ្រ,186,147
ហហ្មុក,185,134
នាគ,185,151
គាប,185,85
អរគុណ,185,147
សន្និសីទ,185,140
ជីវិត,184,147
ណែនាំ,184,132
ចម្លែក,184,81
ពីរោះ,184,131
ការណ៍,183,149
ប្រពៃ,183,154
អាជីវកម្ម,183,150
ទំនាក់ទំនង,183,132
សកល,183,147
រូបវន្ត,183,151
វត្ត,183,155
សក្ដិ,182,145
និយោជិត,182,128
បទប្បញ្ញត្តិ,182,145
សុវណ្ណ,182,135
ប្រឡោះ,182,120
ហិរញ្ញប្បទាន,182,102
ភ្លក្ស,181,119
ពិចារណា,181,137
ផ្លាក,181,123
ចលាចល,180,97
ត្រ,180,152
ហ្មង,179,124
កិច្ចការ,179,143
ស្ទាវ,179,118
ម្ដាយ,179,128
ស្ដារ,179,126
ជំហរ,179,130
ប៉ះពាល់,179,123
ដុស,178,140
ក្រឡេក,178,118
ស្អាត,178,142
ប្រញាប់,178,132
ខ្ញុំ,178,141
បាតុភូត,178,113
រស់,178,149
សួរ,177,117
សម្លឹង,177,115
និស្សិត,177,135
តំណែង,177,122
បាត,177,139
ចរិយា,177,151
លិច,177,146
ប្រាកដ,176,145
លក្ខ,176,154
អច្ឆរិយ,176,137
ចាក់សោ,176,19
បញ្ជូន,176,118
ជ្រាប,176,125
វិន័យ,175,142
ផលិតផល,175,138
ចោរ,175,118
បញ្ច្រាស,175,87
អានុភាព,175,148
ប៉ុណ្ណឹង,175,116
សុជីវធម៌,174,135
ប្រាស្រ័យ,174,70
មួយ,174,151
តម្កល់,174,142
សាលា,174,115
ស្ថិត,174,94
នាក់,173,141
នីតិវិធី,173,131
ប្រណម,173,100
ចម្បង,173,143
ម្ទេស,173,18
សង្វេគ,173,137
កវី,173,117
យុទ្ធនាការ,173,74
ហ៊ាន,173,104
សោភ័ណ,173,139
គម្រប,173,126
អាជីព,172,139
ហឹរ,172,129
ប្រមាថ,172,126
អាជ្ញាបណ្ណ,172,111
ស័ក្ដិសិទ្ធិ,172,141
អំណាច,172,120
កាលានុវត្តភាព,171,97
ទម្រង់,171,134
ជំហាន,171,149
ទូទាត់,170,142
សម្ភាសន៍,170,131
ទមិឡ,170,133
ប្រទេស,170,142
ពណ៌នា,170,120
គង់វង្ស,169,141
ទឹក,168,144
ក្បែរ,168,93
គំនិត,168,114
ឈ្នានីស,168,127
ផ្ដល់,168,98
រដ្ឋ,168,133
កេណ្ឌ,168,137
ត្រឡប់,168,127
គ្រប់គ្រង,167,139
សរសៃ,167,117
អនុ,167,146
សប្បុរស,167,146
ច្រេះ,167,53
មិន,167,123
រសជាតិ,166,139
គ្នា,166,133
យល់សប្ដិ,166,135
បវរ,166,130
ទស្សនកិច្ច,165,127
ទាមទារ,165,125
ទេសភាព,165,129
ជំនឿ,165,138
អនុស្សរណៈ,165,125
លំហែ,165,116
អង្គារ,165,109
ស្លាក,165,113
ពូកែ,165,86
ប៉ុណ្ណោះ,165,131
ចុយ,164,146
អាការ,164,121
បរិភោគ,164,136
ឧកញ៉ា,164,121
សំដៅ,163,103
ល័ក្ខខ័ណ្ឌ,163,116
វេទិកា,163,123
ស្ល,163,122
បែរ,163,98
ចៃដន្យ,163,130
ប្លែក,163,122
ស្រាវជ្រាវ,162,120
ជួរ,162,105
សាស្ត្រ,161,129
សោភា,161,125
ម៉េច,161,100
ប្រឡាក់,161,95
លេច,160,130
តិរច្ឆាន,160,116
បម្លែង,160,121
ស្មា,160,106
អស្ដង្គត,160,134
លែង,160,93
ដុះ,160,135
អាថ៌កំបាំង,160,124
ពិសោធ,159,91
កម្រ,159,135
វ័យ,159,125
សុខដុម,159,126
អក្ខរកម្ម,159,117
មមាញឹក,159,126
អភិ,159,138
រម្លឹក,159,105
កត្តា,159,132
និរន្តរ៍,158,132
បង្វែរ,158,102
មជ្ឈមណ្ឌល,158,128
បុត្រ,158,132
អនុស្សាវរីយ,158,127
ស្ថាបត្យកម្ម,158,129
ស្វាហាប់,158,35
អតីតកាល,158,138
ថែទាំ,158,97
សេព,158,132
សមត្ថកិច្ច,157,122
ដំបូន្មាន,157,136
បណ្ដើរ,157,127
គំរាម,156,105
សាមី,156,122
ក្ដិត,156,77
វង្វេង,155,134
ម៉ត់ចត់,155,126
ខ្ជាប់ខ្ជួន,155,86
មគ្គុទ្ទេសក៍,155,126
កាលបរិច្ឆេទ,155,93
វិបស្សនា,155,73
កម្ពុជា,155,136
សង្គតិ,153,118
វិនាស,153,118
មេត្រី,153,81
លំហ,153,111
ម៉ត់,153,114
ឈ្លានពាន,152,121
គតិយុត្តិ,152,89
ដុល្លារ,152,129
សារវន្ត,152,88
កាយ,152,74
ចំណេញ,152,117
និយម,152,120
តម្រៀប,151,64
គោលដៅ,151,116
ហិកតា,151,114
ឯកសារ,150,119
ព្រាង,150,99
សម្ពាធ,150,119
ស្រឡះ,150,101
ស័ក,150,108
លោកិយ,150,127
សូម,150,121
ស្នាដៃ,150,123
ប្រឹក្សា,150,132
ប្រជាប្រិយ,150,129
សុទ្ធ,150,103
សូរ,150,107
ចេតិយ,150,114
ស្លាប់,150,120
ចម្រុះ,149,122
ដំបូង,149,84
បូរណភាព,149,123
ពិសិដ្ឋ,149,118
លំអ,149,117
តេស្ត,149,117
អំពើ,148,114
វិសាល,148,127
មាំ,148,106
បង្សុកូល,148,109
ធន់,148,118
លោក,148,130
បាទ,148,116
សាវតារ,148,109
ព័ទ្ធ,147,112
បត់,147,112
ស្ថានភាព,147,123
សុក្រឹត,147,100
បទដ្ឋាន,147,121
ញ៉ាំង,147,115
ពលិកម្ម,147,120
ច្រឡំ,147,104
ប្រជា,147,132
ឫកពា,147,119
សមូហភាព,146,124
មាត់,146,106
សមធម៌,145,115
កុហក,145,119
ហើយ,145,112
នាយិកា,145,99
ពុទ្ធ,145,122
គម្ពីរ,144,115
អភ័ព្វ,144,104
អតីត,144,113
ក្លាហាន,144,120
ទប់,143,36
គាំទ្រ,143,94
ច្នៃ,143,118
លទ្ធកម្ម,143,100
អន្តរជាតិ,143,102
និយោជក,142,113
បរិបូរ,142,113
ទទេ,142,89
មូលនិធិ,142,107
ផែនការ,142,112
វាចា,141,102
កង្ហារ,141,107
ចំណ,141,108
អផ្សុក,141,95
ទសវត្សរ៍,141,103
ប្រការ,140,118
គ្រូ,140,94
អាត្មានិយម,140,113
និស្ស័យ,140,118
សញ្ញា,140,120
គុម្ព,140,115
មាគ៌ា,140,115
បំប្លែង,140,89
វារ,140,116
ទស្សនៈ,139,112
បណ្ដោះអាសន្ន,139,53
សភាព,139,97
ចរាចរ,139,87
លំអិត,139,115
សម្បុរ,139,103
ផ្កា,139,113
គ្រប់,139,107
ប្រតិដ្ឋ,139,64
កៀប,139,95
រុក្ខជាតិ,139,81
ឧបេក្ខា,138,94
ទម្លាក់,138,97
ឧបការី,138,97
ស្ត្រី,138,108
ក្នុង,138,111
បង្គាប់,138,99
ហានិភ័យ,138,116
សម្ផស្ស,138,101
បម្រុង,137,113
ទឡ្ហីករណ៍,137,108
ត្រុដិ,137,110
ពេជ្រ,137,93
អនេក,137,123
ស៊ាំ,137,96
ឆៀង,137,79
ស្ម័គ្រ,137,109
បរិវារ,137,112
ក្ដារ,136,96
ខ្ជិល,136,80
សកម្មភាព,136,97
ឈ្វេងយល់,136,66
គ្រឹះ,136,120
បំណិន,136,96
កិលេស,136,91
វិញ,136,118
អធិបតេយ្យភាព,136,93
ស្វយ័ត,135,84
ប្រសប់,135,99
លំហូរ,135,114
កិត្តិ,135,122
បញ្ញវន្ត,135,97
បញ្ចេញ,135,106
ប្រើ,135,104
សក្ដា,135,98
ផ្ទេរ,134,116
ខ្យល់,134,91
សប្ដស័ក,134,84
ដឹង,134,112
បំណង,134,109
សូត្រ,134,108
ចក្ខុវិស័យ,134,114
គោលការណ៍,134,99
ឈាន,134,64
ដោយសារ,133,92
និមិត្តរូប,133,106
ឫស្សី,133,96
វន្ទា,133,114
ភូមិ,133,115
ជម្នះ,133,104
ចាស,133,102
បញ្ចប់,133,103
បដិវត្ត,133,98
កម្ដៅ,133,96
ទូរទស្សន៍,133,107
ស្មោះសរ,132,63
ប្រវត្តិសាស្ត្រ,132,77
បញ្ចៀស,132,66
សុខដុមរមនា,132,102
បុរស,132,99
ចីវរ,132,114
តារា,131,74
វិនិច្ឆ័យ,131,113
ទេស,131,116
ពលី,131,107
សម្ព័ន្ធ,131,116
សមភាព,131,106
ទុច្ចរិត,131,109
សមិទ្ធ,131,100
និទ្រា,131,111
អព្យាក្រឹត,131,102
ខ្លួន,131,110
មុទិតា,131,100
អន្តរាគមន៍,130,108
ភាវនា,130,95
វិវាទ,130,117
ភាតរភាព,130,85
សន្យា,129,107
សម្ដែង,129,103
ប៉ិន,129,98
លំនៅឋាន,129,97
បច្ច័យ,129,109
លាក់,129,74
ទុំ,129,105
រហ័ស,129,107
ព្រោះ,129,107
សំណួរ,129,101
កួរ,128,102
រូបវន្តបុគ្គល,128,100
គ្រឿង,128,112
ហេតុការណ៍,128,84
វណ្ណ,128,99
ម្ល៉េះ,128,94
សម័យ,128,107
ឪពុក,128,103
ធុរកិច្ច,128,105
ទ្រ,127,111
ជម្លោះ,127,95
បង្អុរ,127,100
សង្ស័យ,127,105
វិស័យ,127,103
គុណនាម,127,91
ប្រសូត,126,99
ឯកា,126,96
វាយ,126,100
រតនៈ,126,90
ឡើង,126,94
វាសនា,126,79
អាសា,125,79
ទាហាន,125,91
តម្រូវ,125,101
គ្រេច,125,33
កេះ,125,104
ពាយ,125,109
កំណាព្យ,125,110
ប្រលែង,125,86
ព្រាន,125,98
ដូរ,124,77
សហគ្រាស,124,77
វិញ្ញាសា,124,84
បដិសណ្ឋារកិច្ច,124,96
របាយការណ៍,124,102
ករណីយកិច្ច,124,108
អាពាហ៍ពិពាហ៍,123,104
រង់,123,97
បង្គា,123,91
ទេវកថា,123,39
ជម្រក,123,103
ដាក់,123,84
សញ្ញាបត្រ,123,95
ជលផល,123,115
ថ្ម,123,78
អាការៈ,123,86
ប្រស្នា,123,100
រម្យទម,123,83
ក្រុម,122,86
ជិត,122,101
ខ្លាំង,122,97
សេវា,122,91
ជូន,122,78
ដូច្នេះ,122,87
ទម្រាំ,122,86
ទេពកោសល្យ,122,103
អំពី,122,82
កោសិកា,122,62
មតិ,122,99
កំលោះ,122,81
ប្រត្យក្ស,121,82
ភ្ជាប់,121,101
ពណ្ណរាយ,121,97
សន្តោស,120,96
សេរី,120,99
ទូន្មាន,120,93
ពន្លឺ,120,100
ទិវា,120,90
អគ្គិភ័យ,120,97
ស្រី,120,98
ទន់ភ្លន់,120,101
បញ្ចូល,120,102
រឹត,120,91
ចម្ងាយ,120,94
ដំណែង,120,78
កិច្ច,120,103
សន្សំ,120,93
មោះមុត,120,102
សំគាល់,120,91
បន្ទោស,119,85
ធានា,119,98
ទារ,119,91
ព្យួរ,119,85
អាស,119,100
សច្ច,119,93
តណ្ហា,119,86
មិច,119,69
ជញ្ជាំង,119,79
មុនី,119,91
ពន្លឿន,118,96
វឹង,118,89
អវសាន,118,103
បរិបូរណ៍,118,89
វង់,118,77
ឧក្រិដ្ឋកម្ម,118,105
អធិបតេយ្យ,118,93
ឋាន,118,103
ភក្ដ្រ,118,84
អាវុធ,118,99
ស្ថាបនា,118,98
កូន,118,106
គុំ,118,98
ប្រាក់,118,89
វឌ្ឍន,118,95
កុំ,118,95
ផ្គូផ្គង,117,88
ភ្ញៀវ,117,91
កំពង់,117,82
សច្ចភាព,117,62
មើល,117,99
សត្វ,117,100
វិស្សមកាល,117,98
ពសុធា,117,89
ព្រហស្បតិ៍,116,74
ទំនាស់,116,90
កសាង,116,90
ប្រឌិត,116,89
ចារ,116,98
សំអាត,116,97
វិចិត្រ,116,101
សមាជិក,116,92
ធម្ម,116,91
សាលារៀន,116,91
ដង្ហែ,116,87
ឆ្កែ,116,83
ជ័យ,115,100
ប្រទក្សិណ,115,98
ប្រព,115,97
បរាជ័យ,115,91
កខ្វក់,115,87
ទេព,115,76
ទន់,114,92
បរិបូណ៌,114,81
ផ្ទះ,114,91
ធូរ,114,85
ពង្រឹង,114,90
អភិបាលកិច្ច,114,79
កើត,114,90
ភ្នែក,114,86
តំបន់,114,97
បញ្ច,113,87
កន្ត្រក,113,80
ពិសោធន៍,113,86
រចនាប័ទ្ម,113,59
រីកចម្រើន,113,92
អធិបតីភាព,113,55
បាត់បង់,113,56
លក្ខន្តិកៈ,113,84
សមត្ថ,113,101
គន្លឹះ,113,89
ប្រជាជន,113,90
អាណាព្យាបាល,112,93
អត្ត,112,98
ឯកតា,112,82
កប៉ាល់,112,82
ស្មោះ,112,75
សតវត្សរ៍,112,95
បរិច្ចាគ,112,93
ជក់,112,76
វេទនា,112,93
បន្លា,112,40
ភ្លើ,112,85
បុព្វ,112,100
ផ្លូវ,112,90
ត្រី,111,82
ក្របខ័ណ្ឌ,111,83
កំណត់,111,95
មុខ,111,93
ពុត,111,85
រតនត្រ័យ,111,80
និរាករណ៍,110,84
កម្មពៀរ,110,31
តម្រង់,110,83
និវត្តន៍,110,89
ចិត្រ,110,89
ទស្សនវិស័យ,110,55
សង្ឃ,110,94
ពលកម្ម,110,96
ក្បាល,110,97
ប្រកប,110,80
កម្ចាត់,110,78
សមតុល្យ,110,80
សិល្ប,110,83
រង្គើ,110,71
គណនេយ្យ,110,91
ធរមាន,109,78
សំណាង,109,80
លាភ,109,86
គិត,109,97
កិត្យានុភាព,109,90
បណ្ដុះ,109,89
បដិបត្តិ,109,83
នីតិបុគ្គល,109,85
អក្ខរា,109,94
សេរីភាព,109,89
សេដ្ឋី,109,88
បណ្ដាល,109,79
រួសរាន់,109,71
ច្រើន,109,89
លំអង,109,24
សតិ,108,89
ពលរដ្ឋ,108,94
ព្យសនកម្ម,108,71
សប្បាយ,108,95
ឋានៈ,108,83
សាកល,108,88
ធុំ,108,54
ប្រហារ,108,67
ឱវាទ,108,77
ទទួល,108,91
វាយនភណ្ឌ,107,93
រត់,107,91
សរុប,107,30
ថាមវន្ត,107,85
ស្និទ្ធស្នាល,107,92
វ៉ៃ,107,84
សេវាកម្ម,107,84
សណ្ឋាន,107,86
គតិ,107,80
អាក្រក់,107,82
សុភ,107,85
ពិធី,107,82
ហេតុ,107,93
សប្ដិ,107,87
បំផ្លាញ,107,83
ចក្រវាល,107,90
អង់អាច,106,90
គុណតម្លៃ,106,77
កំលុង,106,82
អុំទូក,106,20
រថយន្ត,106,82
សង្ហារិម,106,90
មោឃ,106,83
ពិពណ៌នា,106,85
អប្រិយ,106,83
ដដែល,106,80
គយគន់,106,89
ទុយយោ,106,48
គន្ធ,105,40
សង្គ្រោះ,105,94
ចុះ,105,79
ភ្លេច,105,70
សម្ដេច,105,80
រៀប,105,85
រ័ត្ន,105,74
ពោះ,105,78
យុត្តាធិការ,105,86
ពុម្ព,105,82
អង្គ,105,91
សង្ឃឹម,105,85
សំខាន់,105,88
ហត្ថលេខា,105,79
ជោគ,105,86
អតិផរណា,105,85
ប៉ុន,104,82
តន្ត្រី,104,72
កេងប្រវ័ញ្ច,104,85
រូប,104,91
ដល់,104,90
វិធានការ,104,91
សម្រាន្ត,104,79
និវត្ត,104,74
គណៈ,104,87
ដិត,104,71
រស្មី,104,66
វិស្វករ,104,84
ពន្ធ,104,87
ខន្តី,104,84
មុខរបរ,104,80
ចម្រាញ់,104,94
ទាន,104,77
វីដេអូ,104,89
ភៀស,104,86
កញ្ចក់,104,70
ពេញ,103,66
ចំណាយ,103,80
ទន្លេ,103,80
ជម្រើស,103,78
តំណាង,103,84
ថ្ងៃ,103,73
វស្សា,103,84
បន្តិច,103,74
មជ្ឈដ្ឋាន,103,63
ប្រា,103,94
រើសអើង,103,83
អាកាស,103,88
អនុភាព,103,79
ចក្រពត្តិ,103,75
អាយុ,103,81
ប៉ិ,103,79
អាគម,102,56
កៀរគរ,102,73
សាក្សី,102,82
អេឡិចត្រូនិក,102,67
ដរាប,102,85
ប្រឡង,102,84
ចម្លង,102,74
ព្រឹក្សា,102,80
ចេតនា,102,76
អាត្មា,102,92
លក់,102,82
គណនី,101,88
សិស្ស,101,84
ប្រាថ្នា,101,82
យថាហេតុ,101,91
វេវចនសព្ទ,101,84
ទីផ្សារ,101,75
ឧប្បត្តិហេតុ,101,73
ផ្ដាច់,101,83
ថ្លៃ,101,81
បញ្ចពណ៌,101,17
ប្រពន្ធ,101,80
ញាណ,101,60
សន្និដ្ឋាន,101,81
ភ្លឺស្វាង,101,65
ម៉ែត្រ,101,75
អង្ករ,100,75
ដីកា,100,72
រន្ធ,100,82
សន្និធិ,100,65
ភ្ជួរ,100,79
សាក,100,85
ប្រភព,100,84
លុប,100,65
រលឹក,100,74
អាជីវករ,100,72
ឥលូវ,100,73
កៀន,100,63
នាថ,100,48
អធិរាជ,99,81
ឆត្រ,99,72
សំស្ក្រឹត,99,78
អាជ្ញា,99,78
ឆន្ទានុសិទ្ធិ,99,53
ប្រផ្នូល,99,86
ពិស្ដារ,99,73
កន្លង,99,83
ភ្លែត,99,60
សិក្ខាកាម,99,81
បូជា,99,84
ផ្លាស់ប្ដូរ,99,85
គ្រឿងញៀន,99,65
នីតិ,99,84
កល់,99,43
លេង,99,80
តក្កវិជ្ជា,99,72
ឈ្ងុយ,99,67
សាច់,99,67
តាម,98,76
ប្រកាស,98,80
អន្តរ,98,80
ឧបាយ,98,79
សញ្ញាប័ត្រ,98,73
មូលធន,98,70
ឧស្ម័ន,98,77
ទិដ្ឋាការ,98,74
ប្រគល់,98,73
យ៉ាង,98,79
កាយវិការ,98,77
មាស,98,76
គួរសម,98,77
សត្យា,98,77
កំណប់,98,78
ចង្វាក់,98,89
ឋានន្តរសក្ដិ,98,61
ចីរកាល,98,82
សម្លាញ់,98,69
ម៉ូត,97,71
គ្រហស្ថ,97,75
អាទិត្យ,97,66
សន្ធោសន្ធៅ,97,77
ត្រូវ,97,79
សុន្ទរកថា,97,78
កាលប្បវត្តិ,97,68
តាសក់,97,70
ច្នៃប្រឌិត,97,69
វ័ធ,97,77
រន្ធត់,97,82
អ៊ូអរ,97,64
លំបាក,97,77
បរិញ្ញាបត្រ,97,80
ខ្លាច,97,69
ឆ្កួត,97,76
សត្រូវ,97,80
បញ្ជរ,97,55
ចំណារ,97,77
ទណ្ឌកម្ម,97,80
ជោរ,97,77
អន្លើ,97,53
មុនិ,96,68
លាមក,96,77
ចង្ក្រាន,96,75
សត្យ,96,63
អាទិ៍,96,68
សុពលភាព,96,77
ស្រស់,96,72
អង្កេត,96,81
វៀរ,96,76
ឧត្តុង្គឧត្តម,96,73
មហា,96,84
ត្បិត,96,73
អំណរ,95,81
ប្រពលវប្បកម្ម,95,69
ប្រកួត,95,63
ស្និទ្ធ,95,73
ម៉ាត់,95,46
វាង,95,77
សំណ,95,76
ឯកឧត្តម,95,65
អនុមោទនា,95,54
ប្រណិត,95,82
សន្តិ,95,85
អន្ធការ,95,70
ធ្លុង,95,68
ស្មោះត្រង់,95,78
សម្លៀកបំពាក់,95,69
គូទ,95,70
កថា,95,47
សុច,95,91
ជានិច្ច,95,63
រំលស់,95,73
អាណានិគម,95,75
ភរិយា,95,70
និពន្ធ,94,78
ខ្លោង,94,65
ស្រប,94,46
អារ,94,64
រញ៉េរញ៉ៃ,94,70
សោត,94,74
កិរិយា,94,81
ស្នេហ៍,94,69
ទស្សនទាន,94,73
ឋិតថេរ,94,68
គង់,94,78
កម្មសិទ្ធិ,94,76
សំងំ,94,70
ទោស,94,74
ចំណាន,94,47
សមាជ,94,70
គុណវិបត្តិ,94,75
ពន្យល់,94,76
បាត្រ,94,75
បញ្ឈប់,93,70
អាកាសធាតុ,93,80
គោលបំណង,93,72
ស្រេច,93,68
ព្រំ,93,75
សិប្បនិម្មិត,93,76
នរណា,93,73
ដុនដាប,92,18
និម្មិត,92,65
រាបសា,92,49
ទារុណកម្ម,92,68
ចម្លើយ,92,78
កាមេរ៉ា,92,70
អរូបី,92,75
ភ្លឺ,92,70
ភាន់,92,78
ជម្រះ,92,61
យើង,92,70
គារវកិច្ច,92,70
វិទ្យា,92,86
សាជីវកម្ម,92,54
យាន,92,79
នគរ,92,82
លម្អៀង,92,78
ស្ដេច,92,83
ចេះ,92,79
សង្កេត,92,73
និមន្ត,91,75
ចំណី,91,74
ឦសាន,91,66
លុយ,91,81
បរិយាកាស,91,71
ឋានានុក្រម,91,69
ក្រាស់,91,66
រទេះ,91,70
ក្រម,91,78
ប្រទះ,91,59
ដំណឹង,91,79
ស្ថាបនិក,91,62
យុទ្ធជន,91,73
ទូទៅ,91,77
កំព្រា,91,72
ថ្នាល,91,78
កម្សត់,91,72
ជំទាវ,91,63
វិសមិតភាព,91,38
សិលា,91,80
ច្រែះ,91,68
ជាង,90,76
រំឭក,90,77
ហ្មត់,90,69
គុន,90,73
ទូទាំង,90,63
ទម្ងន់,90,75
បង្ហាញ,90,81
ចំណុះ,90,69
ដ្បិត,90,55
សាប,90,72
បន្ទាប់,90,76
យល់,90,74
ជញ្ជូន,90,59
អន្តេវាសិកដ្ឋាន,90,71
នេះ,90,82
បំពង់,90,74
ភស្តុ,90,81
កៀរ,90,56
បាយឡុកបាយឡ,90,10
ពេចន៍,90,76
ទំនើប,90,81
រជ្ជកាល,90,74
ផ្សះផ្សា,90,76
ប្រាសាទ,90,74
វាត់,90,69
សិស្សានុសិស្ស,90,72
រុងរឿង,89,71
មានះ,89,68
កសិដ្ឋាន,89,75
ក្រួស,89,68
វេច,89,65
តម្កើង,89,78
ទាក់ទង,89,65
រាប,89,68
វិភាជន៍,89,55
ម៉ដ្ឋ,89,54
លិខិត,89,76
លះបង់,89,65
មនោរម្យ,89,69
សង្វាក់,89,75
សម្របសម្រួល,89,68
ដើម,89,80
រង្សី,89,60
លេស,89,66
អនាធិបតេយ្យ,89,67
បន្តឹង,88,60
សន្ធិសញ្ញា,88,55
ចូល,88,75
មូល,88,76
ជេរ,88,71
ម៉ាស់,88,42
សន្ទស្សន៍,88,65
ព្រៃ,88,72
សតិសម្បជញ្ញៈ,88,63
ខ្សត់,88,79
គេច,88,72
បវេសនកាល,88,57
ព្រលឹង,88,73
គ្រប,88,68
កាន់,88,61
សំណុំ,88,66
អត់,88,68
ផ្លែ,88,63
វិភាគ,88,60
សម្រួល,88,62
ចារឹក,88,73
ឃ្លាំ,88,79
ពិត,88,74
រោងចក្រ,87,72
កៀក,87,71
គ្រា,87,73
ជាដើម,87,72
អភិសេក,87,68
រឭក,87,62
ជាប់,87,74
សម្រស់,87,66
បរិមាណ,87,77
សព្ទ,87,71
ដូច,87,74
ជ័យជម្នះ,87,56
សម្បទាន,87,68
បោះពុម្ព,87,76
កល្យាណ,87,72
អ៊ីមែល,87,53
មុន,87,65
រដ្ឋធម្មនុញ្ញ,87,72
បារមី,86,64
បង្កើត,86,71
ឆន្ទ,86,71
អាចារ្យ,86,78
ខ្មាំង,86,69
សង្វាត,86,75
នោះ,86,66
ឆ្លាត,86,69
សញ្ជាតិ,86,70
ភិក្ខុ,86,66
សម្ងាត់,86,70
សុវត្ថិ,86,72
ចង្កា,86,52
មណី,86,24
តេជ,86,51
លាយលក្ខណ៍,86,66
មោះ,86,63
គេហដ្ឋាន,86,75
បវេណី,86,71
ឍាមរា,86,66
កម្រាស់,85,71
ប្រភេទ,85,68
សុក,85,72
អុស,85,69
ហូរ,85,69
ឧបមា,85,74
និមិត្ត,85,68
ផ្ដេសផ្ដាស,85,69
សិប្ប,85,66
រសាយ,85,76
រួសរាយ,85,77
មរកត,85,70
អាស៊ី,85,62
វៀច,85,67
ចិតសិប,85,32
ឆ្មា,85,61
សច្ចធម៌,85,45
តូរ្យតន្ត្រី,85,62
កន្ត្រាក់,85,57
ណែន,85,58
បញ្ចាំង,85,69
ក្រុមហ៊ុន,85,66
សោម,85,75
កម្មវិធី,85,75
មន្ទិល,85,73
ព្រួស,84,69
រតនា,84,62
អត្ថន័យ,84,63
អ្វី,84,70
យុទ្ធ,84,77
សិល្បករ,84,68
បញ្ជ្រាប,84,68
ទិព្វ,84,75
គេង,84,73
ចម្រៀង,84,64
ជូរ,84,66
អតិ,84,76
និយ័តកម្ម,84,68
សន្តតិកម្ម,84,63
តុលាការ,84,59
តាំង,84,64
ទិវាវសាន,84,9
លម្ហែ,84,65
អ័ព្ទ,84,52
ងាក,84,46
អសោច,84,68
សក្ការ,84,70
ករណី,84,71
មុខងារ,84,68
កូដ,83,60
ភ្នំ,83,70
សំណូមពរ,83,63
បព្វជិត,83,66
ដេក,83,71
ផលិតភាព,83,59
ចាន់,83,60
រឹទ្ធិ,83,68
សន្និបាត,83,67
បង្គ្រប់,83,65
សក្ខីកម្ម,83,64
កែវ,83,70
បម្រាម,83,64
អាន,83,67
ខ្ពស់,83,69
កម្មករ,83,72
ហូរហែ,83,63
និយាម,83,71
គប់,83,60
អន្តរការី,83,46
បណ្ណាល័យ,83,73
គន្លង,83,78
ផ្សេង,83,72
ចក្រ,83,62
ក្រមា,83,56
ន័យ,83,67
វេហា,83,65
សាសន៍,83,65
សុភាសិត,82,61
ស្ថាន,82,66
ប្រចណ្ឌ,82,62
ឥស្សរ,82,70
ស៊ូ,82,48
ព្រមាន,82,66
ត្រសក់,82,68
អកម្ម,82,23
ព្រំដែន,82,38
ចិញ្ចៀន,82,33
រាជរដ្ឋាភិបាល,82,65
ព្រហ្ម,82,72
ស្វ័យប្រវត្តិ,82,65
សមាមាត្រ,82,55
កងទ័ព,82,60
បន្ធូរ,82,62
អត្រា,82,68
ជម្រុះ,82,54
លក្ខន្តិក,82,68
សោះ,82,67
នង្គ័ល,82,66
ព្យាបាទ,82,67
ស៊ើប,82,33
សារព័ត៌មាន,81,45
កន្លែង,81,50
ស្នា,81,54
កុមារ,81,68
សាស្ត្រាចារ្យ,81,66
លទ្ធិ,81,76
អហង្ការ,81,50
នគរូបនីយកម្ម,81,72
ម្សៅ,81,62
រាក,81,70
មិត្តភាព,81,68
ឋិត,81,68
ពាក់,81,69
សុរិយា,81,56
គប្បី,81,70
ទម្រ,81,66
ក្លាយ,81,65
ទូរគមនាគមន៍,81,58
សណ្ដាប់ធ្នាប់,81,70
បិណ្ឌបាត,81,64
ចេញ,81,65
អន្តរកាល,81,55
ទំនេរ,81,66
ស្ន,81,76
តវ៉ា,81,57
កេតនភណ្ឌ,81,70
ជ្រាលជ្រៅ,80,61
ជណ្ដើរ,80,71
ឱសថ,80,63
ចង់,80,53
អាណិត,80,65
បដិសន្ធិ,80,63
មែន,80,59
សង់,80,74
ស្ញប់ស្ញែង,80,70
វាងវៃ,80,62
ប្រៀប,80,65
ស្មុគស្មាញ,80,65
ស្ម័គ្រចិត្ត,80,62
ថ្មើរ,80,58
ស្ដុក,80,64
ប៉ុន្តែ,80,54
តម្រូវការ,80,69
លម្ហ,80,58
ព្រលិត,80,65
សាល,80,50
បំពាន,80,52
សមិទ្ធកម្ម,80,60
សន្តិវិធី,80,72
មហិមា,80,65
ជួន,80,60
លប់,80,63
ខ្ចប់,80,57
ចំពោះ,80,64
ថ្លែង,80,55
អគុណ,79,59
សាមណេរ,79,76
ពិស,79,55
លិឍ,79,61
យសស័ក្ដិ,79,45
ដើម្បី,79,72
ប៉ុស្តិ៍,79,60
សេនា,79,70
ឯកច្ឆន្ទ,79,68
សមាធិ,79,62
បរិយាយ,79,64
សាហាវ,79,44
អង្គភាព,79,63
នីមួយ,79,71
កំណែ,79,68
សន្ធឹក,79,68
សេដ្ឋ,79,71
កាត,79,73
រៀបរាប់,78,49
បណ្ដុះបណ្ដាល,78,62
ដំណាល,78,54
កុលបុត្រ,78,65
ប្រលង,78,62
ក្លៀក,78,52
កញ្ញា,78,67
លក្ខណ៍,78,63
កុលធីតា,78,70
អគ្គ,78,66
ព្រហ្មទណ្ឌ,78,63
សច្ចៈ,78,67
កុះករ,78,69
រំលែក,78,60
ពន្ធនាគារ,78,61
កំណើត,78,61
ពង្សាវតារ,78,55
ម៉ែ,78,73
ដំណៀល,78,54
ធ្ងន់ធ្ងរ,78,60
សាទរ,78,72
សំដែង,78,67
ក្រោធ,78,68
រឹង,78,65
ពិបាក,78,64
វឌ្ឍនៈ,78,63
កំប៉ុង,78,42
អគ្គមហេសី,78,67
ថាមពល,78,59
ជុំ,78,65
ជំរំ,78,54
កុំព្យូទ័រ,78,66
សទិសសព្ទ,77,68
ស្វ័យភាព,77,59
លោះ,77,54
បច្ចុប្បន្នភាព,77,64
អុំ,77,70
ខាង,77,62
ឃោរឃៅ,77,61
ចិន្តា,77,53
ទ្រទ្រង់,77,59
នរៈ,77,65
វិទូ,77,55
ផ្លេកបន្ទោរ,77,25
គោល,77,66
ស័ង្កសី,77,59
សៀវភៅ,77,50
អាច,77,69
មោឃភាព,77,52
សម្បក,77,58
ព្រះមហាក្សត្រ,77,46
យុគ,77,71
រវាង,77,61
តាវកាលិក,77,53
ពិសេស,77,63
ឧបភោគ,77,52
លាប,77,66
ដណ្ដឹង,77,57
រីករាយ,77,62
ទស្សនវិជ្ជា,77,65
ទំនៀម,77,66
ប្រធានសក្ដិ,77,62
ត្អូញត្អែរ,77,60
ចន្លោះ,76,65
ទន្ទ្រាន,76,61
ព្រឹត្តិការ,76,53
ឧបាសក,76,65
ភក្ដី,76,62
ត្រិះរិះ,76,62
របៀប,76,64
ព្រលឹត,76,55
វិច,76,63
ពួក,76,69
វិច្ឆិកា,76,64
វិវឌ្ឍន៍,76,66
សាសន,76,71
រាងកាយ,76,64
ឧទរ,76,67
ប្រសា,76,44
ស្ងោរ,76,61
ចិញ្ចើម,76,47
រមទម,76,59
ប្រឡែង,76,25
លក្ស្មី,76,36
រ៉ាំរ៉ៃ,76,60
ឆ្ងាញ់,76,66
អសុរ,76,58
មច្ឆជាតិ,76,72
ម្ចាស់,76,69
បន្ទប់,76,63
គណៈកម្មាធិការ,76,63
អាសនៈ,76,57
ពស់,76,64
ចម្រូង,76,27
ទុន,76,62
ជង្គង់,76,45
សម្ងំ,76,51
ប្រល័យ,76,61
ឃើញ,76,62
ញត្តិ,75,58
ឰដ៏,75,51
វិប្បដិសារី,75,60
បាសក,75,74
ពេល,75,66
កំដរ,75,55
ភ័ក្ដ្រ,75,58
បឋម,75,71
ជឿជាក់,75,62
សម្បុក,75,51
កេសរ,75,57
សន្ទុះ,75,63
រោយ,75,40
សំណេរ,75,47
នីមួយៗ,75,59
ស៊ីម៉ងត៍,75,47
កាត់,75,65
កីឡា,75,58
លិទ្ធ,75,57
សក្ខី,75,62
ហៀរ,75,56
វត្តមាន,75,54
ឧបាសិកា,75,57
ស្ថាពរ,74,59
ពត់,74,51
អរិយ,74,67
ប្រមាណ,74,64
ស្មេរ,74,49
ផលិត,74,65
អាណាចក្រ,74,32
ចាស់,74,53
ជួយ,74,56
សំណាប,74,26
ពង្រីក,74,66
វល្លិ,74,60
សាំ,74,53
សារាចរ,74,51
សំណល់,74,56
សំបុត្រ,74,57
ភ័យ,74,55
ឯកទេស,74,36
បញ្ញត្ត,74,60
ពង្រាង,74,63
នាឡិកា,74,54
ខេត្ត,73,57
បញ្ឈរ,73,63
រាន,73,51
ពុះ,73,48
អំពាវនាវ,73,58
ភ័ព្វ,73,54
ជរា,73,58
បង្កប់,73,49
នាង,73,58
ទេរ,73,64
ទេពី,73,51
ស្ដាប់,73,55
មគ្គទេសក៍,73,57
អនីតិជន,73,54
សារបាន,73,53
បន្លឺ,73,60
របាំ,73,59
អធិការ,73,62
ប៉ះ,73,63
ពូជ,73,55
អប្សរ,73,40
បញ្ចុះ,73,54
ចាប់,73,55
វត្ថុ,73,61
គាំពារ,72,53
ធរណី,72,53
សង្ហារ,72,55
លាត,72,25
លោត,72,54
តោកយ៉ាក,72,38
ចាំ,72,62
ទស្សនាវដ្ដី,72,58
សក្ដិភូមិ,72,62
បន្ថែម,72,57
សាគរ,72,57
សម្លាប់,72,64
បុរី,72,52
លឿន,72,56
កំប្លែង,72,56
មរណ,72,59
បូណ៌មី,72,56
ទំនុកបម្រុង,72,55
រាជការ,72,65
ស្ករ,72,56
ភក់,72,57
គមនាគមន៍,72,59
ដំរី,72,47
ហត្ថ,72,55
ប្រគំ,72,58
ទ្រឹស្ដី,72,61
សាធុការ,71,58
រេហ៍ពល,71,59
ជន់,71,63
ហ៊ឺហា,71,47
មន្ត,71,61
លំចង់,71,53
បន្ទាន់,71,48
គ្រាហ៍,71,61
បន្ទុក,71,59
កាស,71,61
ហាន,71,53
កន្ត្រៃ,71,30
រអា,71,37
សំដី,71,60
តម្រឹម,71,53
ចង្កៀង,71,40
មារ,71,55
វិជ្ជមាន,71,61
ប្រឹថពី,71,54
រោងទង,71,5
សម្លុត,71,56
ជួសជុល,71,48
ស៊ីម៉ង់,71,47
បាត់,71,57
រំលង,71,51
ក្សេមក្សាន្ត,71,63
អង្សា,71,61
ចម្អិន,71,60
ហូប,71,61
ចាក់,71,48
អាទិ,71,55
ទស្សនីយភាព,71,65
ចរន្ត,71,59
ព្រហ្មលិខិត,71,53
កំហិត,70,53
ទិស,70,53
ជំនួយ,70,50
សច្ចា,70,55
អប្សរា,70,57
បរមោវាទ,70,58
អភិបាល,70,60
ស្ថិតិ,70,54
ម៉ាស,70,52
អាត្ម័ន,70,41
ប្លង់,70,57
បៀវត្សរ៍,70,52
ជ័រ,70,58
កម្មវត្ថុ,70,54
សុធា,70,44
អង្គរ,70,65
អធិកអធម,70,59
ក្រណាត់,70,55
ដោះ,70,64
កាំ,70,48
អចលនទ្រព្យ,70,59
កណ្ដុរ,70,53
ប្រោស,70,57
បញ្ញើ,70,55
បដិការ,70,49
រឿង,70,65
ទាប,70,58
សន្តិសុខ,70,58
ផ្ទាល់,70,59
ទាំង,69,49
នេសាទ,69,60
សណ្ឋាគារ,69,58
ភេរវកម្ម,69,52
ប្រតិភូ,69,55
វេន,69,60
កម្រង,69,50
អមតៈ,69,52
ប្រសព្វ,69,62
អន្តរធាន,69,55
ឆ្ងល់,69,43
បញ្ជោរ,69,47
សំណាក់,69,61
ជឿនលឿន,69,56
កំហុស,69,59
ជ្រុះ,69,51
ស្និត,69,48
ប្រយុទ្ធ,69,52
អសុរោះ,69,62
ពូជសាសន៍,69,54
ព្រ័ត្រ,69,56
រំលេច,69,44
ខណៈ,69,53
មនោគមវិជ្ជា,69,55
បរទេស,69,58
តុល្យ,68,59
អធិដ្ឋាន,68,55
គោត្តនាម,68,59
ឱឡារិក,68,54
នឹក,68,56
ក្នាញ់,68,46
ឥដ្ឋ,68,56
បង្ក្រាប,68,47
ឆ្ពោះ,68,56
អក្សរសាស្ត្រ,68,53
ស្រា,68,63
វិនិច្ឆយ,68,61
យឺត,68,46
ម៉ឺន,68,43
ស្រកា,68,30
ក្លើ,68,51
សីតុណ្ហភាព,68,47
អនុក្រឹត្យ,68,55
គភ៌,68,54
មជ្ឈិម,68,54
គាត់,68,57
កង្វល់,68,50
រាប់,68,48
លទ្ធ,67,61
សឹង,67,56
ព្យាបាល,67,58
ស្វាមី,67,54
ទម្លុះ,67,44
សាធុ,67,56
ពាណិជ្ជ,67,58
រាត្រី,67,52
ព្រាហ្មណ៍,67,56
ល្បែង,67,57
វិចិត្រករ,67,39
ជញ្ជឹង,67,52
ដំណាក់,67,50
ភ្លាវ,67,26
ប្រសិទ្ធិ,67,65
ក្ដី,67,52
លំនៅ,67,56
បណ្ដុំ,67,54
ស៊ីវិល័យ,67,47
ក្រៃលែង,67,58
អនិច្ចកម្ម,67,60
គោរមងារ,67,55
វិធីសាស្ត្រ,67,49
អមត,67,54
នរិន្ទ,67,45
វិធាន,67,56
អាម៉េរិក,67,47
ច្រវាក់,67,57
ឌីជីថល,67,48
គន់,66,58
ត្រៀម,66,41
កាព្យ,66,55
តឹងរ៉ឹង,66,52
បល្ល័ង្ក,66,49
សសរទ្រូង,66,43
សុភាព,66,59
វិសេស,66,59
ចម្បាំង,66,53
មគ្គ,66,55
ទៀប,66,53
ពលិការ,66,49
នេសាទុបករណ៍,66,50
កុដិ,66,57
ល្ងង់,66,54
ភ្លាម,66,43
រាជ្យ,66,56
ទុរភិក្ស,66,49
យួរ,66,54
បរា,66,51
ថ្ងាស,66,41
ទៀត,66,54
ចម្រោះ,66,44
ព្យាករ,66,42
ពិគ្រោះ,66,58
ចំណាស់,66,50
ចំអក,66,39
ឈ្លើយ,66,50
រង្វាន់,66,53
កែន,65,51
ចំនួន,65,56
ហើរ,65,36
ទំពាំង,65,51
សកម្ម,65,54
ឈុត,65,55
បង្គោល,65,52
ពៀរ,65,51
បម្រែបម្រួល,65,50
ប្រតិភូកម្ម,65,38
សរីរាង្គ,65,51
យុថ្កា,65,40
ថ្វីបើ,65,8
មាតុភាព,65,52
ពាល,65,54
អាប់,65,53
ឆាក,65,55
មួម៉ៅ,65,49
ភារ,65,52
អនាថា,65,47
ផ្គូ,65,58
ឥស្សរិយយស,65,51
កាហ្វេ,65,46
សនិទានកម្ម,65,19
រារាំង,65,58
សៅហ្មង,65,54
សែន,65,52
បោះ,65,55
ឱនភាព,65,37
កុម្មុយនីស្ដ,65,33
ឯកភាព,65,49
ឧបជ្ឈាយ៍,65,59
ទេយ្យទាន,64,49
កូនសោ,64,48
វាយោ,64,57
ចំហៀង,64,50
សំយោគ,64,55
បាស,64,44
អនត្តា,64,45
ធ្នាក់,64,31
ផ្ដោត,64,45
ម៉ា,64,53
ដុំ,64,49
រំភើប,64,50
ប្រតិព័ទ្ធ,64,56
ប្រេះ,64,47
ចូរ,64,55
តូច,64,54
ផ្នែក,64,50
ថ្លៃថ្លា,64,47
កំផ្លៀង,64,42
ស្ថាបត្យករ,64,34
ជន្ម,64,54
ជោក,64,50
ខ្ចី,64,45
ខ្ទេច,64,45
ខ្មោច,64,57
អាទិទេព,64,55
ស្ថានការណ៍,64,51
សហការី,64,53
ផ្ដន្ទា,64,51
ឧបទ្រព,63,45
សត្យានុម័ត,63,49
បញ្ឆេះ,63,37
វាគ្មិន,63,53
ឡូយ,63,50
សាយ,63,54
សភាវៈ,63,47
ល្បឿន,63,30
សមាជិកា,63,47
និព្វាន,63,51
ចិញ្ច្រាំ,63,58
សោកនាដកម្ម,63,51
ត្រជាក់,63,52
ទំនើង,63,44
សូន,63,43
រវើរវាយ,63,44
គិរី,63,51
បាឋកថា,63,56
វេជ្ជបណ្ឌិត,63,53
ស្នោ,63,33
ព្យាករណ៍,63,47
ដំណាក់កាល,63,60
ទស្សនាទាន,63,48
អម្ចាស់,63,44
ហេង,63,49
អារម្ភកថា,63,54
សំចៃ,63,54
វ៉ែនតា,63,49
ចារកម្ម,62,42
ហឫទ័យ,62,46
អនុលោមភាព,62,51
ថ្លោះ,62,41
ឧក្រិដ្ឋ,62,52
នាយក,62,58
អកុសល,62,54
សមកាលកម្ម,62,49
តំណាល,62,47
ណាស់,62,51
កម្រាល,62,55
សុជាតា,62,36
អនិច្ចា,62,50
នឹងន,62,51
ពិរុទ្ធ,62,51
គ្រោះ,62,56
របង,62,50
ខ្ជាប់,62,54
អនុសញ្ញា,62,45
ខូច,62,49
សុរា,62,54
ល្បី,62,56
ទំពា,62,47
ប្រាជ្ញ,62,55
និក្ខេបបទ,62,44
ផ្ដាសាយ,62,52
ប្រហែស,62,49
ក្លែង,62,55
ក្រៀម,62,48
សហគ្រិន,62,51
ត្បូង,62,49
ត្រង់,62,54
ដៀល,62,48
អំណោយ,62,44
ជំនាន់,62,51
ធ្នូ,62,53
ចួន,62,49
អរិ,62,60
ខ្ទាត,62,48
វណ្ណៈ,62,54
រអ៊ូ,61,45
ទុរ្ភិក្ស,61,52
មហិទ្ធិឫទ្ធិ,61,45
វិទ្ធង្សនា,61,49
សុខដុមនីយកម្ម,61,50
ថ្មី,61,57
សម្រង់,61,43
ស្ដ,61,59
បែប,61,46
អន្ទះសា,61,36
កិត្តិនាម,61,51
អស់,61,56
លោភ,61,46
ច្រាស,61,50
សក្ការៈ,61,52
ពុះពារ,61,49
យេនឌ័រ,61,49
រំលោភ,61,36
កញ្ចប់,61,49
អត្ថ,61,53
បណ្ដោយ,61,48
ខ្ពង់ខ្ពស់,61,53
អតិរេក,61,55
ស្ងើច,61,35
អសារ,61,50
ឥរិយា,61,52
រួម,61,53
រណ្ដំ,61,51
រណ្ដៅ,61,47
ព្រឹទ្ធសភា,61,52
រៀបចំ,61,47
ទោះបី,61,45
អុជ,61,49
បាយ,61,51
សំបក,61,51
សុភា,61,44
សាន,60,32
បច្ចាមិត្ត,60,44
គូថ,60,48
ទ័ព,60,52
សម្រន់,60,54
គំរាមកំហែង,60,57
នមស្ការ,60,45
ឈ្លោះ,60,46
ធុន,60,48
អង្វរ,60,52
រុំ,60,50
គំនូរ,60,43
ល្បិច,60,46
ព្យញ្ជនៈ,60,50
អាស្រូវ,60,49
បរិច្ឆេទ,60,52
បន្សុទ្ធ,60,54
បង្អួច,60,35
សួគ៌,60,56
អើពើ,60,49
រ៉ែ,60,49
យានយន្ត,60,42
ក្រប,60,42
មនោ,60,54
ទំនង,60,47
បព្វតា,60,50
ខិតខំ,60,45
នក្ខត្តឫក្ស,60,49
បំភ្លៃ,60,48
ចាំបាច់,60,40
បុប្ផា,60,48
សូន្យ,60,52
តំណក់,60,42
ម្នាក់,60,52
វិចារណញ្ញាណ,60,46
អធិប,60,55
គំនុំ,60,38
ប្រាប់,59,45
អណ្ដែត,59,42
មាត្រដ្ឋាន,59,44
វិតក្ក,59,48
មករា,59,44
នគរបាល,59,47
ឧទ្យាន,59,53
ញាប់,59,36
ភាគី,59,52
ក្មេង,59,51
ចូលចិត្ត,59,52
ថ្វាយ,59,44
វិធី,59,47
គ្រឹះស្ថាន,59,53
នឹម,59,38
អាសូរ,59,48
ល្វឹងល្វើយ,59,51
សុគត,59,53
សុខុម,59,50
ស្ទាក់ស្ទើរ,59,44
និច្ច,59,21
បុព្វបទ,59,47
រោទ៍,59,52
ត្រកូល,59,46
វោហារ,59,52
សុទ្ធសាធ,59,45
សំណង,59,44
ភេសជ្ជ,59,49
ឧទាហរណ៍,59,51
ត្រចៀក,59,45
ខិត្តប័ណ្ណ,59,46
នាំ,59,51
ញុះញង់,59,49
ស្តា,59,50
និវាសនជន,59,39
រូបិយ,59,54
កញ្ចុះ,59,47
គ្រែ,59,38
ព្រឹត្តិបត្រ,59,41
អាល័យ,59,40
ច្រេស,59,19
ដូចម្ដេច,59,35
សន្ធានកម្ម,59,43
ទំនុក,58,46
កូនប្រសា,58,30
បាក់,58,43
ម៉ាស៊ីន,58,33
ស្រវា,58,39
ព្រម,58,48
បណ្ដាញ,58,50
ដំណក់,58,49
មកុដ,58,51
ប្រកាន់,58,47
អនាមិក,58,47
ទាន់,58,46
ខឹង,58,44
បំភាន់,58,52
ឥន្ធនៈ,58,45
ឃ្លា,58,52
ទោម,58,10
ជំនួស,58,45
រ៉ាប់រង,58,47
ក្រៀមក្រំ,58,51
ចល័ត,58,49
សិក្ខាសាលា,58,50
ភ្នាក់ងារ,58,50
ហ្វូង,58,53
រមែង,58,52
បង្កួយ,58,10
ខ្ចាត់ខ្ចាយ,58,30
ផ្ទៃ,58,47
ននៀល,58,43
អន្ទាក់,58,47
សិរ,58,43
រំពេច,58,36
អក្ខរ,58,50
ផ្សំ,58,51
ប៉ូលិស,58,44
ពិការ,58,53
វិនិយោគិន,58,53
សិក្ខា,58,52
មុត,58,48
សំពះ,58,49
អំណាន,58,50
ជុតិមា,58,45
ស្រះ,58,50
ជាន់,58,47
បង្គន់,58,34
បឹង,58,46
ធ្លាក់,58,44
គាប់,57,48
សំលៀង,57,41
ស្គែន,57,39
មរណៈ,57,53
ជម្លៀស,57,43
ស្វែងយល់,57,44
ពើង,57,19
ពិដោរ,57,47
សុក្រ,57,50
ជ្រុល,57,24
សមណ,57,41
ជិតស្និទ្ធ,57,45
ជាវ,57,42
រំពៃ,57,45
សាស្ត្រា,57,48
ទន្ទឹម,57,55
មហាក្សត្រ,57,45
ដណ្ដើម,57,42
រំហូរ,57,46
ញ័រ,57,42
ខ្សឹប,57,46
នេត្រា,57,45
រម្យ,57,48
ប្រាស,57,45
វេយ្យាករណ៍,57,46
ឃោសនា,57,52
ខ្នង,57,50
សម្បើម,57,46
បុរោហិត,57,44
កម្រើក,57,44
វាស,57,34
ខឿន,57,46
កម្ចី,57,43
សមិទ្ធិ,57,44
ខ្នាត,57,42
សម្រិត,57,42
មេឃ,57,53
មណ្ឌល,57,54
បន្ថយ,57,48
ដោះសា,57,41
សវនាការ,57,39
ក្រឡា,57,49
ខ្វៀន,57,5
លិង្គ,57,51
អរុណ,57,42
គោះ,57,36
កុម្ភៈ,57,45
អលង្ករណ៍,57,44
តម្ពក់,57,44
កិប,57,45
វណ្ណកម្ម,57,48
ប៉ុន្មាន,57,45
និយាមកា,57,43
អត្តសញ្ញាណជាតិ,56,31
ទំនួលខុសត្រូវ,56,47
លោភលន់,56,47
លៃលក,56,43
គល់,56,45
ប្រយោគ,56,44
សាធនភាព,56,7
ឯកសណ្ឋាន,56,48
លើក,56,53
ឆ្លុះបញ្ចាំង,56,51
ភ័ន្ត,56,47
រាក់ទាក់,56,40
វិភូ,56,41
សារៈ,56,50
ប៉ា,56,48
អវយវៈ,56,44
បណ្ដឹង,56,44
រពឹស,56,41
ជ្រញ់,56,16
រឹងរូស,56,44
ទូល,56,45
កំណាត់,56,44
មុតមាំ,56,49
ដាច់,56,44
បញ្ឆោត,56,48
ស៊េរី,56,44
ទាយ,56,47
លាង,56,49
មាយា,56,44
ឋានន្តរ,56,45
ភោគទ្រព្យ,56,50
លេណដ្ឋាន,56,46
បន្សល់,56,50
កក្កដា,56,49
ឆ្នើម,56,44
វាយតម្លៃ,56,44
បណ្ណសារ,56,47
រាស្ត្រ,56,53
ហត់,56,45
ជិះ,56,48
បង្រៀន,56,50
អូរ,56,49
ប៉ុណ្ណេះ,56,44
ភយន្តរាយ,55,47
ពិន័យ,55,44
អះអាង,55,37
ទ្រង់,55,42
សារប្រយោជន៍,55,42
សំអាង,55,44
មុសា,55,47
រ៉ឺម៉ក,55,49
ជាក់ស្ដែង,55,47
បាប,55,45
សំណើម,55,38
ព្រៃឈើ,55,38
អនុគ្រោះ,55,44
ផ្លាស់,55,49
ឈ្លាស,55,46
ពោល,55,45
ប្រតិកម្ម,55,46
បេតី,55,41
កៅស៊ូ,55,42
គោលនយោបាយ,55,38
ចៅក្រម,55,49
ថេរ,55,46
ម្ដង,55,42
សហព័ន្ធ,55,36
ធាតុ,55,48
ជំនុំ,55,45
ឆួល,55,38
លំដាប់,55,42
ខ្លោងទ្វារ,55,44
គ្រើម,55,38
ប្រក់,55,44
ភូត,55,45
បដិសព្ទ,54,43
ស្ដម្ភ,54,30
ព្រលឹម,54,38
សហករណ៍,54,39
បង្ហូរ,54,48
រលាក,54,43
បំណាច់,54,39
ចម្លាក់,54,46
មហន្ត,54,50
បដា,54,36
ឃុំ,54,45
មហាសាល,54,42
ភ្នាល់,54,48
ប៉ង,54,41
ឧទ្ទេស,54,38
ភតិសន្យា,54,41
ចៀរ,54,45
កសិណ,54,46
ទេសន្តរប្រវេសន៍,54,39
ឃុន,54,44
អាករ,54,36
ហ្លួង,54,49
ប្រណម្យ,54,49
ម្ដេច,54,41
ភាវៈ,54,44
ជាត,54,37
សមស្រប,54,44
បន្ទាប,54,43
សម្ទុះ,54,38
ផលប័ត្រ,54,46
ទណ្ឌិត,54,44
ថ្លា,54,46
ប្រជុំ,54,49
សោកសៅ,54,42
កំរោល,54,34
បូរាណ,54,44
ស្ងប់ស្ងាត់,54,24
ហិរញ្ញ,54,50
ពេទ្យ,54,39
វិការ,54,40
សករាជ,54,39
វិបុល,54,44
មៀន,54,46
បង់,54,49
ច្រណែន,54,47
ផ្នត់គំនិត,54,45
យោគយល់,54,50
បៀតបៀន,54,48
ធ្មឹង,54,23
ព្រុស,54,44
លក្ខណា,54,32
សារមន្ទីរ,54,44
ទេព្តា,54,46
លំអៀង,53,42
បាញ់,53,35
អន្ត,53,43
ការដ្ឋាន,53,47
ចងក្រង,53,47
ជាតិនិយម,53,38
ឆ្នៃ,53,45
ស្រពោន,53,45
អភិជន,53,46
ពោធិសត្វ,53,38
ឱជារស,53,43
បម្លាស់,53,45
សន្លប់,53,39
ស្បថ,53,39
អេះ,53,42
រមាស់,53,38
ចំណូល,53,46
ជ្រេ,53,36
បរលោក,53,46
ឈ្លក់,53,38
ជ្រក,53,41
គាស់,53,45
អត្ថបទ,53,46
បាលី,53,46
បរិការណ៍,53,45
សំណព្វ,53,44
បំប៉ន,53,45
អធិប្បាយ,53,48
កេង,53,45
ក្ស័យ,53,38
ងងឹត,53,43
ធ្មេច,53,35
សន្ទនីយ,53,42
អារក្ស,53,42
ត្បាញ,53,48
រាយមាយ,53,33
កក់,53,43
រិះ,53,46
សល់,53,37
ឃាត់,53,39
ទល់,53,38
បសុសត្វ,53,23
សេនាធិការ,53,39
ស្គាល់,53,43
រមណី,53,42
បរម,53,46
ទេវ,53,48
វិស្វកម្ម,53,43
រាល់,53,37
ទិសដៅ,53,39
យប់,53,39
ម៉ូដែល,53,44
ការិយាល័យ,53,41
កំហឹង,53,43
សំណាក,53,46
ក្លា,53,48
មូលប្បទានបត្រ,53,39
ស្អប់,52,43
អើយ,52,41
ប្រសិទ្ធផល,52,42
សារពើ,52,45
ស្ងៀម,52,36
លស់,52,40
ក្លិប,52,33
ជាមួយ,52,40
ម្ភៃ,52,38
ប្រេង,52,44
ខុស,52,46
ឃ្លាត,52,41
បង្គង,52,43
ដំបូល,52,44
តម្រា,52,44
ក្បត់,52,39
ម៉ាក,52,40
និទ្ទេស,52,38
ថ្មែ,52,13
ចង្អុល,52,43
ចោល,52,42
កណ្ដាល,52,48
ឆ្លាក់,52,42
ងាប់,52,31
ដឹកនាំ,52,44
ម្យ៉ាង,52,43
គុក,52,49
ត្រា,52,46
លើស,52,45
មោហៈ,52,42
រាគ,52,39
ឃ្លៀងឃ្លាត,52,42
កណ្ដាស់,52,37
តិច,52,42
ធីតា,52,42
កសិផល,52,30
ធ្ងន់,52,43
ស្ដាយ,52,39
ម៉ដ្ដ,52,35
ផូរផង់,52,49
បង្កើន,52,46
រាយការណ៍,52,41
ឧបទេស,52,43
ប្រែ,52,45
ជ្រងំ,52,30
សីមា,52,32
ឆព្វណ្ណរង្សី,52,40
មនុ,52,44
គ្រាប់,52,43
ប្រោះព្រំ,52,41
វៀង,52,42
លេខ,52,49
លង់,51,42
ផ្លុំ,51,41
ជូនពរ,51,38
ផ្ទំ,51,44
ទ័ល,51,43
ពិន្ទុ,51,42
សច្ចាប័ន,51,44
ឈូឆរ,51,43
គេចវេះ,51,45
បឺត,51,35
ព្រាត់,51,43
បន្លំ,51,42
ប្រថុយ,51,35
ខ្វះ,51,39
កួច,51,39
ក្រសួង,51,38
ដែន,51,45
ទំព័រ,51,41
បែក,51,43
កំប្លេ,51,38
ទ្វីប,51,40
ក្រែង,51,41
សូចនា,51,46
យល់សប្ដ,51,38
សហជីព,51,40
ផលប្រយោជន៍,51,36
អាហារូបត្ថម្ភ,51,41
ភ្លាត់,51,40
ឈឹង,51,35
ផុស,51,42
វិទ្យាល័យ,51,38
កាំបិត,51,41
ស្រដៀង,51,41
រាជធានី,51,39
វិសុទ្ធ,51,44
ឧបសម្បទា,51,43
ឈ្លប,51,48
រមៀត,51,41
មាតុប្រទេស,51,49
ជីវសាស្ត្រ,51,36
ឆ្លុះ,51,45
អន្តោប្រវេសន៍,51,38
រួញរា,51,43
រំខាន,51,38
អំនួត,51,41
ខ្ជះខ្ជាយ,51,45
ក្រឡាស់,51,33
សហសម័យ,50,41
រតនគិរី,50,40
ឥដ្ឋការ៉ូ,50,8
យីហោ,50,40
ផ្លេក,50,32
ស្ទាប,50,39
អនុប្បទាន,50,37
បុរេប្រទាន,50,43
សភា,50,41
សំរែ,50,36
សព្វនាម,50,41
ជំរិត,50,42
ឥន្ទធនូ,50,41
ផ្អាក,50,41
វិបាក,50,38
បុគ្គលិកលក្ខណៈ,50,35
ត្រៃ,50,45
ផ្ងារ,50,32
រីក,50,45
ពិតាន,50,35
និម្មាបនកម្ម,50,42
ភោជនាហារ,50,38
ឆ្មារ,50,43
ឃាតករ,50,36
ស្រោចស្រព,50,42
រឿងរ៉ាវ,50,36
សំចត,50,25
ចចេស,50,40
ធ្នឹម,50,24
សុគតិ,50,44
បំពេ,50,39
រាយ,50,43
កត់,50,38
បញ្ចាំ,50,39
តម្រង,50,42
ប៉ាន់ស្មាន,50,37
ពាហនៈ,50,41
បាវ,50,38
សោធន,50,46
មាំមួន,50,40
ទូលាយ,50,44
គំហុក,50,38
បង្អង់,50,34
ល្ខោន,50,39
អវិជ្ជមាន,50,40
ឈប់,50,44
សាវា,49,42
អាកប្ប,49,45
នាយ,49,41
គូស,49,45
ទ្រាំ,49,37
ផ្សព្វ,49,43
ភ្លើង,49,41
ក្បួន,49,44
សញ្ជឹង,49,41
លៀន,49,31
ប្រៃសណីយ៍,49,40
សំបុក,49,40
អាហារូបករណ៍,49,37
ឈ្ងោក,49,26
ទាសភាព,49,39
និរទេស,49,35
ជម្រៅ,49,43
បន្ស៊ី,49,40
សម្អាង,49,41
ឆ្វេង,49,44
ទាក់ទាញ,49,33
ជប់លៀង,49,45
ឧប្បត្តិក,49,43
ហេតុផល,49,39
ប្រមូល,49,42
អស្មិមានះ,49,37
កំណែន,49,39
ហ៊ុមព័ទ្ធ,49,40
រំពឹង,49,37
កោរ,49,33
បាបកម្ម,49,36
ភ្លឹក,49,35
ស្ដូក,49,16
ឧណ្ហ,49,39
រាវ,49,45
សង្ខេប,49,44
ត្នោត,49,32
គរុកោសល្យ,49,37
រលូន,49,45
ឃ្លាំង,49,38
អលជ្ជី,49,38
ជំនោរ,49,37
ករណីយ,49,45
សំនួន,49,42
ផ្គុំ,49,36
ចំណង់,49,45
ស្ងាត់,49,39
កន្លៀត,49,30
ព្រិច,48,31
សុមាលី,48,14
កម្មន្ត,48,31
អំណះអំណាង,48,37
ភ្ញាក់,48,41
ចង្កេះ,48,37
បណ្ណាការ,48,34
កករ,48,29
សង្កត់,48,33
បស្ចិម,48,41
ដក់,48,38
បរិត្ត,48,37
ជ្រោមជ្រែង,48,39
យាយី,48,44
ភ្នក,48,30
ញឹក,48,40
បដិមា,48,38
កំពិត,48,38
លុត,48,34
ស្ដង់,48,40
ខ្មីឃ្មាត,48,38
ទេសនា,48,41
អំបោស,48,38
ចលនា,48,40
ឧទ្ទាម,48,33
ចម្រឹង,48,37
ស្យាម,48,13
អភិលក្ខិតកាល,48,5
យន្ត,48,41
រសៀល,48,40
អំណឹះ,48,42
ពិភពលោក,48,39
ប្រណិប័តន៍,48,41
ពុក,48,37
បិតា,47,40
ក្ដៅ,47,40
ពិសី,47,39
ក្រុង,47,31
គោម,47,40
ហ្ម,47,41
ញាត់,47,38
ទិតៀន,47,34
ទន្ទេញ,47,36
ត្រួតត្រា,47,40
តម្រិះ,47,39
ទាស់,47,34
ចំណេរ,47,45
ប្ដី,47,36
កូរ,47,41
សញ្ញាណ,47,41
បុរេសកម្ម,47,40
ធ្លាប់,47,37
និយ័តករ,47,38
ដឹក,47,38
អវិជ្ជា,47,38
អ្នកប្រាជ្ញ,47,38
ជើង,47,42
គេហទំព័រ,47,36
ប្រវ័ញ្ច,47,40
ញញើត,47,36
កណា,47,37
ចំណោម,47,37
ហោប៉ៅ,47,37
កៅអី,47,37
យក្ស,47,36
សាង,47,38
អធិការកិច្ច,47,36
ញញឹម,47,37
សទ្ទានុក្រម,47,39
បង្អាប់,47,40
ចង្កឹះ,47,40
ត្រួត,47,41
កាបូប,47,39
ប្រតិទិន,47,37
អកតញ្ញូ,47,36
ផ្អើល,47,27
ផ្ដាំ,47,37
អជ្ឈាស័យ,47,40
និវត្តជន,47,29
ស្វែង,47,41
ប្រយោល,47,39
នាសា,47,36
ស្ដី,47,40
អួត,46,35
ថ្នាក់,46,44
ម៉ូតូ,46,38
នាយកដ្ឋាន,46,36
ប្រាង្គ,46,34
ម៉ាក់,46,37
ក្រវាត់,46,34
យាង,46,40
បញ្ជិកា,46,34
ជជែក,46,40
ស្រស់ស្រាយ,46,39
គហបតី,46,33
តោង,46,34
ឌុយ,46,28
ពុល,46,40
ឆ្នាំ,46,44
អំណត់,46,38
នឿយ,46,40
ផ្នូរ,46,38
បាំង,46,39
អត្ថគាហក,46,31
លំនាំ,46,37
យោង,46,33
កនិដ្ឋា,46,38
ឈាម,46,34
កូដកម្ម,46,36
ច្រឡាស,46,44
ល្បះ,46,40
គ្រវាស,46,33
អស្ថិរភាព,46,33
សុខុមាល,46,40
ឧត្តមានុវត្ត,46,43
អន្លង់,46,35
ប្រណី,46,40
ឆ្មាំ,46,31
បេះ,46,38
បន្ទូល,46,36
បរមត្ថ,46,33
ទិនានុប្បវត្តិ,46,37
ឃុបឃិត,46,40
ប្រលោះ,46,38
អម្រឹត,46,40
ខូចខាត,46,13
ផលិតកម្ម,46,41
ត្រាស់,46,38
ប្រលោមលោក,46,35
ពិណពាទ្យ,46,40
សភាវគតិ,46,34
ហង្ស,46,31
សាប៊ូ,46,41
ខួរ,46,38
បេក្ខជន,46,40
អុច,46,29
កម្លាំងចលករ,46,29
ត្រីមាស,46,23
ស៊ីវិល,46,34
កោត,46,43
ក្រឹត្យ,46,42
សុគន្ធ,46,23
ត្រណម,46,35
បារាយណ៍,46,40
ឧតុនិយម,45,40
រូបារម្មណ៍,45,38
សម្លក់,45,36
ប៊ិះ,45,37
ឧសភា,45,28
ហ៊ោ,45,31
ក្លៀវក្លា,45,31
ជវភាព,45,37
រន្ទឺ,45,36
តានតឹង,45,33
អនាមយ,45,34
ចាន,45,28
ពិឃាត,45,29
ទ្រនំ,45,36
ឩដ្ឋ,45,33
បុស្បា,45,35
កុលាប,45,38
ផាសុក,45,43
ចោត,45,38
ប្រាណ,45,39
ស្វា,45,42
ខ្សែក,45,39
អៀន,45,35
អាចម,45,44
បរិស័ទ,45,41
ញើស,45,34
វិសហមជ្ឈការ,45,37
ហិត,45,28
សិង្ហ,45,27
នារី,45,38
កិត,45,43
បះបោរ,45,38
ឆ្គង,45,40
គ្មាន,45,41
គម្រប់,45,36
បិសាច,45,33
នីតិរដ្ឋ,45,39
ពិន,45,40
ស្រុក,45,36
ការទូត,45,33
ជ្រើសរើស,45,41
សាក់,45,39
សុវិចិត្រ,45,9
ឧដុង្គ,45,22
ចែកឋាន,45,36
ចក្ខុ,45,39
អនុស្សារ,45,36
មូលបត្រ,45,35
យាម,45,38
បឋមវ័យ,45,40
ទាំងអស់,45,33
ល្ង,45,38
គំនរ,45,39
ស្វែងរក,45,36
រវល់,45,40
អបាយ,45,41
ខ្មៅ,45,34
បង្គំ,45,41
ភាជន៍,45,32
តុល្យការ,45,33
ព្រេង,45,40
សម្ពន្ធ,44,36
ត្រគាក,44,35
សណ្ឋិត,44,38
ញៀន,44,34
ទទួលទាន,44,27
យ័ន្ត,44,36
ស្ទុះ,44,38
ឧបការ,44,36
គ្រោង,44,33
រញ៉ី,44,10
អារាម,44,38
ជំទាស់,44,35
ឫស្យា,44,30
ពេក,44,34
រូបិយវត្ថុ,44,36
សិល្ប៍,44,39
តាមរយៈ,44,34
ថេរវាទ,44,27
ល្ងាច,44,32
អពមង្គល,44,37
គំនាប់,44,34
ពានា,44,37
សងខាង,44,35
អាម៉ាស់,44,36
ត្រាប់,44,39
ទារក,44,35
ប្ដឹង,44,34
ពាស,44,36
ផឹក,44,39
លោហៈ,44,35
សត្ត,44,30
ដេរដាស,44,38
យក្សា,44,9
បដិសេធន៍,44,34
រាយប៉ាយ,44,37
ពលករ,44,35
វាក្យ,44,42
សលាកបត្រ,44,30
ព្រឺ,44,34
ស្នាម,44,39
គំហើញ,44,30
សោយ,44,39
បួស,44,38
វឹកវរ,44,35
បាយសី,44,37
អម្បាញ់មិញ,44,29
ស្រអាប់,44,27
ខ្លឹម,44,36
ទិវង្គត,44,37
ងាយ,44,35
សុចិ,44,7
ត្រដរ,44,35
ប្រច័ណ្ឌ,44,34
ចោរកម្ម,44,42
សន្តតិជន,44,34
របរ,44,36
ទង្គិច,44,35
ទំហំ,44,33
ពេលា,44,37
ទឹកចិត្ត,44,31
ឋានសួគ៌,44,33
ប៉ិកួៈ,44,34
ឆ្លង,44,38
បន្លែ,44,37
ទំហឹង,44,33
លំនឹង,44,38
កែច្នៃ,44,43
ទូក,44,34
រន្ថាន់,44,34
យថាភាព,44,11
កសិឧស្សាហកម្ម,44,31
ឈ្វេង,44,41
កាម,44,40
អវត្តមាន,44,36
ចំហុយ,44,38
ជំនួប,44,33
ខាត,43,34
បរិបថ,43,38
ស្ថិរ,43,32
បរោហិត,43,36
វេរ,43,38
កម្ទេចកម្ទី,43,32
ចោទ,43,38
វិថី,43,35
ម្ជុល,43,26
ក្រមសីលធម៌,43,37
ខ្មួលខ្មាញ់,43,36
សាកលវិទ្យាល័យ,43,36
ស៊ក,43,33
ញ៉ែ,43,35
ជន្មាយុ,43,35
ពុំ,43,39
កោដិ,43,31
ប្រតិបត្តិករ,43,34
ធានី,43,21
ខ្វល់ខ្វាយ,43,40
ហុយ,43,34
សវនករ,43,33
មហាសង្ក្រាន្ត,43,31
ចំណាំ,43,39
ខ្នើត,43,36
សារធាតុ,43,38
វរ្ម័ន,43,36
ភ្លៀង,43,36
ចារិក,43,33
ហ៊ុម,43,37
អូន,43,33
ជីវជាតិ,43,41
ខ្ទម,43,38
សម្បា,43,29
ថ្ពក់,43,36
មធ្យម,43,36
ប្រមាញ់,43,36
អង្គា,43,36
ប្រុស,43,37
ឃ្មាតខ្មី,43,29
ឃ្លៀង,43,34
សម្រាល,43,39
ម៉ាស្សា,43,33
ច្បាស់,43,38
គែម,43,34
បទុម,43,34
ក្បោះក្បាយ,43,25
កត្តិក,43,27
ព្រៀប,43,34
រួយ,43,29
បង្ខំ,43,29
ឧត្តុង្គ,43,40
ហិនហោច,43,40
របៀបវារៈ,43,38
វែង,43,39
វគ្គ,43,40
នាម៉ឺន,43,36
ទាញ,43,40
កម្មការិនី,43,26
អង្គុយ,43,38
ស្លឹង,43,37
វេញ,43,38
កំពប់,43,34
អនន្ត,43,34
ជម្រាល,43,36
វិបល្លាស,43,39
អយ្យការ,43,37
បបរ,43,34
សូទ្រ,42,27
វិនយ,42,30
ស៊ីញេ,42,31
ទាសករ,42,37
ចន្ទន៍,42,25
ញែក,42,36
ទោះ,42,31
ហនុមាន,42,37
បង្ខាំង,42,33
ឡាន,42,39
បង្វិល,42,37
មុំ,42,39
ភក្ដិ,42,34
អង្រួន,42,35
សំណេះសំណាល,42,30
រណ្ដាប់,42,29
តែង,42,30
ក្រហម,42,35
ល្អិត,42,34
និមិត្តសញ្ញា,42,30
រមិលគុណ,42,30
អូស,42,36
ជូត,42,27
រួស,42,39
មួល,42,26
លឹប,42,27
ហាក់,42,33
លត់ដំ,42,28
ស្រាប់,42,35
កង់,42,39
ឆុត,42,37
ប្រតិសកម្ម,42,28
វែក,42,34
គណនេយ្យករ,42,26
កិរិយាសព្ទ,42,38
សំងាត់,42,34
ថង់,42,34
បុព្វេ,42,34
ប្រស,42,39
អ្ហែង,42,32
រដូវ,42,36
ប៉ប្រិច,42,25
ផ្ដុំ,42,36
បញ្ចុក,42,32
ស្រមើ,42,24
បើក,42,36
ចំណោទ,42,34
បំភ្លឺ,42,36
សុភាពរាបសា,42,35
បដិភាគ,42,32
ឃ្លាន,42,28
រាម,42,31
គប់គិត,42,25
រលោង,42,40
ល្បង,42,33
មីង,42,31
កាតាលីករ,42,36
ប្រដាប់,42,40
គត់,42,34
ដោះស្រាយ,42,35
ដំណាច់,42,37
ល្មម,42,32
ជុំវិញ,42,30
ស៊យ,42,30
បក្ស,42,33
បួងសួង,42,33
តក់ស្លុត,42,39
សម្រប,42,37
យង់ឃ្នង,42,36
ឈ្នួល,42,37
សាមាន្យ,42,29
រលាស់,41,30
ស្ទុះស្ទា,41,29
ធញ្ញជាតិ,41,36
ប្រឆាំង,41,32
ឯកតោភាគី,41,33
ពន្លក,41,32
ស្វិតស្វាញ,41,32
ល្មើស,41,26
ជ្រេញ,41,35
ស្រឡាង,41,31
ឆាប់,41,31
ព្រលប់,41,31
ដើរលេង,41,21
កូរ៉ុម,41,26
រូបសំណាក,41,22
លួស,41,32
ពញ្ញាក់,41,34
ពោរ,41,34
ក្រោយ,41,31
គុណាធិបតេយ្យ,41,31
បៃតង,41,34
ឈោង,41,30
ផ្ដេក,41,24
ម្សិលមិញ,41,28
ប្រចក្ស,41,37
អហិង្សា,41,35
អប្ប,41,39
សន្សឹម,41,27
និទាន,41,37
សោក,41,34
កឋិន,41,34
អង្គាស,41,32
ទោចក្រយាន,41,34
គ្រវី,41,31
កង្វះ,41,34
ច្រក,41,35
រ៉ា,41,34
ឈ្នះ,41,32
អាង,41,30
សក់,41,35
ឧទ្ធម្ភាគចក្រ,41,30
សុរិយ,41,23
ទាល់,41,35
ទ្រាប់,41,34
ព្រឹទ្ធាចារ្យ,41,34
រសាត់,41,31
មមើ,41,28
វាំងនន,41,24
ជនានុជន,41,37
សមាស,41,39
រូង,41,36
ប្រហើរ,41,38
និកម្មភាព,41,33
ផែន,41,36
សោយរាជ្យ,41,37
បោកប្រាស់,41,31
វិសាមញ្ញ,41,34
លាយ,41,38
ទន្ទឹង,41,34
វន្ទីយ៍,41,37
ត្រពាំង,41,35
ជីវា,41,30
ចរណៃ,41,30
មាក់ងាយ,41,35
តក្ក,41,23
បន្សាំ,40,30
ថនិកសត្វ,40,29
ពលំ,40,35
អុកស៊ីសែន,40,25
ខាន់,40,31
បំណុល,40,37
នភាល័យ,40,31
ណ្ហើយ,40,30
ជ្រៀត,40,27
គំនាប,40,32
យថាកម្ម,40,28
រលួយ,40,24
ងាវ,40,33
មិត្រ,40,23
បង្រួម,40,25
ចាត់,40,33
គ្រិស្ត,40,35
ទិដ្ឋិ,40,25
ដាស់,40,33
បាតុកម្ម,40,32
ហុច,40,29
វាល,40,37
ប្រដៅ,40,32
បោក,40,32
វុឌ្ឍិ,40,34
ស្វះស្វែង,40,34
ពន់,40,30
ហ្ន,40,33
យារ,40,32
បិច,40,34
ថ្នូរ,40,36
ហែហម,40,27
ដាំ,40,33
ពីសា,40,10
ងារ,40,36
រហស្សនាម,40,16
សហគ្រិនភាព,40,25
ពាក្យស្លោក,40,32
អត្តនោម័តិ,40,33
ទុគ្គត,40,33
សច្ចំ,40,32
គីមី,40,28
ដំណែល,40,32
សេស,40,35
ផ្នត់,40,38
កាតាប,40,34
ព័ន្ធ,40,36
ទុកចិត្ត,40,32
កោះ,40,35
បាច់,40,34
និរតី,40,35
ពារ,40,33
កុន,40,27
រម្ងាប់,40,33
ស្រាបៀរ,40,24
រូតរះ,40,25
ឈ្នាប់,40,28
ព្រឹត្តិ,40,37
មច្ឆា,40,37
នានា,40,36
ញុះ,40,28
កិច្ចសន្យា,40,36
ម្រឹគ,40,36
បន្ទាយ,40,31
បោះបង់,40,28
អារ្យ,40,36
មាត្រា,40,35
សង្កាត់,39,37
ស្រុះ,39,33
ពន្លឹក,39,33
ទ្រុឌ,39,35
ប្រិច,39,22
វេទ,39,34
ទុព្វលភាព,39,34
ពិណ,39,31
សប្ដ,39,32
សំនៀង,39,27
គណៈប្រតិភូ,39,30
ទីនាំង,39,34
ស្ទាត់,39,33
ក្រែងលោ,39,31
ឥន្ទ្រិយ,39,38
អាល់កុល,39,13
អុក,39,30
មូលវិចារ,39,27
ប្រគេន,39,33
កេសា,39,37
ឈ្ងៀម,39,29
លាន,39,33
ក្រមុំ,39,31
សាមីខ្លួន,39,34
អាយ,39,37
ភោគ,39,33
ឱរា,39,31
ហិល,39,38
បំផុត,39,28
គណិតវិទ្យា,39,29
គំហក,39,23
ទ្រង់ទ្រាយ,39,30
ជនជាតិ,39,33
កំណើន,39,33
ប្រុង,39,29
រាតត្បាត,39,32
វេរា,39,29
ស្ទះ,39,28
ស្លា,39,34
បំភ្លេច,39,33
ប្រជាសាស្ត្រ,39,33
ក្រឡ,39,33
ស្មៀន,39,31
ទ្រឹង,39,26
ស្ងប់,39,34
អាល,39,30
កន្តើយ,39,30
សន្ធាន,39,31
ចៅហ្វាយ,39,34
ប៉ុនប៉ង,39,33
ដោយឡែក,39,26
តាមដាន,39,22
និមិត,39,23
ក្រញាង,39,21
វាស់,39,37
ផ្សាយ,39,36
ឃ្មឹក,39,24
ពន្លា,39,32
ចំណាប់,39,34
លោហិត,39,29
រក្ស,39,30
របា,39,30
អភ័យ,39,32
មជ្ឈការ,39,34
សួន,39,31
បញ្ញាញាណ,39,30
លៀង,39,31
សូត,39,30
ប្រមាទ,39,33
ប្រសាទ,39,33
ប្រមាត់,39,25
មូលធននិយម,39,25
ជំពាក់,39,29
ព្យុះ,39,33
សុទ្ធតែ,39,32
បទបញ្ជា,39,33
អមរ,39,26
វិហារ,39,29
តឹង,39,35
ញោះ,38,27
ទំនើបកម្ម,38,36
ព្រួយ,38,25
ជីវៈ,38,35
ដង់ស៊ីតេ,38,27
ស្បៀង,38,34
មាឌ,38,29
ចំបែង,38,23
ប្រស្រ័យ,38,35
ឈ្មុសឈ្មុល,38,35
ជ័យលាភី,38,24
កញ្ជះ,38,26
ច្រឡឺម,38,24
សិក្ខាបទ,38,32
គាថា,38,29
វិសយ,38,27
សោហ៊ុយ,38,33
ឧបនិស្ស័យ,38,34
តម្លា,38,32
អាមាត្យ,38,32
កតិកា,38,24
ខន្ធ,38,26
ចន្ទ្រ,38,22
ពាន់,38,30
សូរ្យ,38,31
ដាស់តឿន,38,35
រាស់,38,18
ធម្មជាត,38,28
កាកសំណល់,38,26
រោគា,38,32
ឆ្កឹះ,38,32
ផុត,38,25
រែក,38,32
នរបតី,38,21
ការ៉េ,38,33
ក្រៀក,38,16
ក្សត្រ,38,32
ស្រពេចស្រពិល,38,32
ទ្រហោ,38,29
រលុង,38,32
រោង,38,27
អាណា,38,35
អំពាវ,38,35
បង្អស់,38,32
ថ្នាំ,38,33
ពង់,38,37
រង្វង់,38,30
កណ្ដួយ,38,33
ខុទ្ទកាល័យ,38,33
ផ្អែម,38,34
សន្លាង,38,24
រន្ទា,38,31
ខែល,38,33
អហោសិកម្ម,38,26
អ្នកឧកញ៉ា,38,7
ទុគ៌ត,38,31
គ្រោត,38,21
យុត្តិសាស្ត្រ,38,29
ស្នង,38,34
អាជ្ញាសឹក,38,20
កាក់,38,27
កញ្ចាស់,38,23
ស្វ័យប្រវត្ត,38,35
ប្រសិទ្ធី,38,31
គគី,38,18
ពនេចរ,38,30
នាវិក,38,35
បក្សី,38,33
វន្ត,38,27
ពិរុទ្ធភាព,38,29
យួន,38,36
ហេវ,38,33
សន្ធឹង,38,33
គ្របគ្រង,37,27
ត្រង,37,32
ភោជនីយ,37,29
ឧត្តរ,37,31
បង្កក,37,29
សំប៉ាន,37,25
ពុំងា,37,27
ស្មាន,37,32
សំណាញ់,37,31
ខ័ន,37,26
សុមនា,37,21
រដ្ឋប្បវេណី,37,25
ល្មោភ,37,29
តង្វាយ,37,33
បច្ចេកវិទ្យាព័ត៌មាន,37,28
បំព្រង,37,30
ឈ្មួញ,37,32
ស្អិត,37,30
អនុរក្ស,37,27
ស្រែក,37,29
កាយសម្បទា,37,32
កែសម្រួល,37,29
ទង់ជាតិ,37,29
ទីប្រឹក្សា,37,31
តុលា,37,33
កន្ទោង,37,32
ឡូឡា,37,30
បដិបក្ខ,37,32
សុនក,37,30
ព្រឹក,37,29
សេះ,37,28
សហព័ទ្ធ,37,28
បច្ចេកវិជ្ជា,37,31
កាច,37,30
ប៉ប៉ាច់,37,10
សម្មា,37,34
មហេសី,37,32
កល្ប,37,31
ស្វិត,37,31
ទៀន,37,28
ច្បង,37,36
ហែង,37,29
កម្សួល,37,24
ឥទ្ធិ,37,31
សីហា,37,33
ការិយបរិច្ឆេទ,37,32
សន្និវាស,37,33
លៀប,37,28
មូលធនមនុស្ស,37,31
បង្គរ,37,30
គគ្រិច,37,32
ម៉ាំ,37,30
ឃ្វាល,37,29
រាក់,37,34
ព្រហើន,37,29
រែង,37,30
សារពើពន្ធ,37,33
ស្រលះ,37,27
ក្ដារខៀន,37,32
មាតុភូមិនិវត្តន៍,37,30
ប្រឹង,37,33
លាយឡំ,37,30
ដួង,37,28
អត្តពលិក,37,30
ល្បើក,37,32
ខ្នុរ,37,30
ចំពាក់,37,14
គ្រលុក,37,17
អដ្ឋ,37,31
អន្ទះអន្ទែង,36,24
ទាសី,36,34
គ្រិស្តសករាជ,36,33
ពាន,36,34
ស្លុត,36,24
មើល៍,36,30
រប៉ាត់រប៉ាយ,36,29
នរក,36,31
សសៀរ,36,21
សោកស្ដាយ,36,26
កំបោរ,36,13
យោនី,36,32
ប្រឡូក,36,21
ល្ហ,36,34
អម្រែក,36,30
សច្ចាប្រណិធាន,36,33
ប្រព្រឹត្តិកម្ម,36,26
ប្រទានកម្ម,36,23
សម្លៀក,36,34
អនុត្តរភាព,36,24
បិណ្ឌ,36,33
ងក់,36,30
ស្រាល,36,30
អង្គញ់,36,28
ដំណាំ,36,34
ពេស្យា,36,23
សំណង់,36,29
ចន្ទល់,36,29
តក់,36,31
ធ្វេស,36,35
វារី,36,32
បាច,36,29
ខ្ជីខ្ជា,36,28
រូបី,36,32
សនិទានភាព,36,29
អព្ភន្តរញ្ញាណ,36,26
សហសេវិក,36,22
ស្រទាប់,36,30
ហ៊ឺ,36,27
ជំពូក,36,27
ថ្មើរជើង,36,35
តោក,36,26
ទសពិធរាជធម៌,36,30
ក្រអូប,36,30
លោភៈ,36,28
ឆ្នេរ,36,30
កំណាញ់,36,34
ហទ័យ,36,24
ក្រេប,36,32
ឯកជន,36,28
សំពត់,36,35
ខ្ចោះ,36,28
លិខិតបទដ្ឋាន,36,13
ភូមិន្ទ,36,29
ស្ត្រេស,36,29
មរណា,36,33
កន្ត្រ,36,24
ទស្សនិកជន,36,32
ចំណង,36,32
ស្រូវ,36,31
កុសលកម្ម,36,31
ធ្មេញ,36,34
កោសល្យ,36,30
សាន្ត,36,29
ស្មុំ,36,10
ប្រៀន,36,26
នាវា,36,27
រម្ងាស់,36,26
ពោងពាយ,36,29
ស៊ុម,36,24
ត្រោស,35,23
រំពាត់,35,26
និវេសនដ្ឋាន,35,32
ដប់,35,28
សម្រុក,35,22
ឧទ្ធរណ៍,35,31
ធុង,35,27
ថ្លោស,35,25
ទ្រនាប់,35,32
បន្តោង,35,28
គតិបណ្ឌិត,35,30
ល័ក្ដ,35,29
ក្រសែ,35,23
លេខាធិការ,35,29
បក់,35,28
ឆមាស,35,22
អប់,35,32
មើម,35,27
ចរកជន,35,27
តួលេខ,35,30
រដ្ឋសភា,35,33
សារណា,35,27
មឈូស,35,30
ព្រឹទ្ធ,35,32
ឥសី,35,30
តារាង,35,32
ត្រូវការ,35,19
ពោធិ,35,32
ផ្ចិតផ្ចង់,35,33
ក្រើន,35,28
ព្រហាម,35,27
ស្រែ,35,33
បដិប្បញ្ញត្តិ,35,11
សង្ឃទាន,35,26
ចារី,35,24
កាឡៃ,35,27
ប្រះ,35,32
ធុញ,35,28
ពិភាល់,35,31
នីត្យានុកូល,35,28
ស៊ប់,35,32
តួយ៉ាង,35,32
របប,35,33
បត្យាប័ន,35,29
ឆ្នាស,35,26
អណ្ដាត,35,32
ទ្រគោះ,35,23
ឧក្រិដ្ឋជន,35,23
ហាសិប,35,17
ឡាយ,35,17
ស្រៈ,35,25
រុត,35,32
លើកកម្ពស់,35,30
គជ់,35,25
សញ្ជ័យ,35,28
ឆាន់,35,32
សន្ធឹកសន្ធាប់,35,30
សកលវិទ្យាល័យ,35,30
រុះ,35,33
គន្លាក់,35,31
ហួស,35,31
ផ្ទុះ,35,25
ជម្ពូ,34,29
អនក្ខរជន,34,30
ចចាមអារ៉ាម,34,26
កក្រើក,34,27
អង្កាល់,34,28
ពិឃាដ,34,28
ច្រៀប,34,24
នាហ្មឺន,34,26
ថ្ពាល់,34,29
ឃាតកម្ម,34,22
ឯកត្តជន,34,29
អាហារដ្ឋាន,34,27
ថិរវេលា,34,30
ឯកវចនៈ,34,21
ទំនិញ,34,32
បណ្ដាក់,34,30
ប្រមឹក,34,25
បារ,34,31
ទណ្ឌ,34,27
សិទ្ធិការ្យ,34,25
រនោច,34,28
ធ្លុះ,34,27
ប្រិមប្រិយ,34,29
ប្រហែល,34,28
អយុត្តិធម៌,34,28
ម្ជូរ,34,34
សំយាប,34,26
ឧបជ្ឈា,34,31
សនិទាន,34,27
តិចតួច,34,31
ដង្ហោយ,34,22
អច្ឆរា,34,27
ចង្វា,34,28
យាយ,34,33
កាក,34,26
អង្គហេតុ,34,27
លូតលាស់,34,29
បញ្ចកោណ,34,25
អង្រឹង,34,17
ឥន្ទ្រី,34,25
ស្កឹមស្កៃ,34,29
រាំង,34,29
ប្រប,34,30
ត្រកាល,34,29
បូព៌,34,29
ព្រែក,34,30
សមរ,34,29
ខ្នះខ្នែង,34,30
ស្មោកគ្រោក,34,23
ប៉ើង,34,26
កាន,34,29
ការពិត,34,31
វ៉ាលិស,34,25
ទៀង,34,31
សាដក,34,23
ស្រមោល,34,27
បន្លាច,34,21
ចង្កោម,34,28
ចម្ប៉ា,34,23
ដង្ហក់,34,24
អង្គរក្ស,34,20
មាន់,34,30
និយ័ត,34,32
ហ៊ីប៉ូតែក,34,19
កាច់,34,29
រឹតតែ,34,25
នុះ,34,24
ក្ដឹប,34,23
សាមីជន,34,8
រារែក,34,29
ផ្សង,34,24
ឡប់,34,30
ល្បាក់,34,32
សមាសធាតុ,34,20
មុជ,34,26
ហាត់,34,31
ម្ល៉ឹង,34,21
រៀបរៀង,34,30
ហ្វឹកហ្វឺន,34,31
យាត្រា,34,30
មូលហេតុ,34,25
សមាសភាគ,33,29
ភតិកៈ,33,25
ដេរ,33,31
កន្លាត,33,25
ភូម,33,27
របៀន,33,25
អារាធនា,33,24
គោចរ,33,29
ប្រយ័ត,33,28
បទានុក្រម,33,31
ទោមនស្ស,33,27
ភាគហ៊ុនិក,33,29
ស្រណុក,33,28
លេះ,33,27
ទោសោ,33,24
ខ្ជាក់,33,28
គុម្ពោត,33,27
លុះ,33,22
ទីទៃ,33,30
របត់,33,29
ប្រហោង,33,26
ខ្លា,33,27
ឆេវឆាវ,33,30
បំភ័ន្ត,33,29
ហាម,33,24
មេធាវី,33,19
ជាតិពន្ធុ,33,27
លេប,33,25
បាក់តេរី,33,24
បម្រាស់,33,26
ពាលី,33,28
ភឿន,33,29
និឃណ្ដសាស្ត្រ,33,20
ស្នូល,33,24
អ័ក្ស,33,29
ត្រឹម,33,29
តេជះ,33,22
សម្បែង,33,23
ផ្ចិត,33,26
មករ,33,25
គីឡូ,33,28
ខ្សោយ,33,28
ជំនួញ,33,29
ខ្លោច,33,25
រឿយ,33,27
ជាមួយនឹង,33,22
សំណៅ,33,29
សម្ញែង,33,25
ជុច,33,19
ដំណេក,33,30
ស្លាបព្រា,33,25
តម្លឹង,33,31
មើលងាយ,33,27
ភារៈ,33,29
បង្វេច,33,25
សណ្ដាប់,33,31
សព្ទសាធុការ,33,27
អនឡាញ,33,29
អង្វែង,33,29
ចំបើង,33,23
បារី,33,31
ផ្នូល,33,28
ក្រោក,33,25
ព្រាល,33,21
ឧដុង្គឧត្តម,33,30
ប្រទាន,33,29
ប្រឈម,33,27
សប្ប,33,31
ដាន,33,27
ប្រទីប,33,29
បំពុល,33,29
គៃបន្លំ,33,25
អម្បូរ,33,27
វេជ្ជ,32,31
វិមាន,32,29
រហូត,32,21
ស្របក់,32,24
ស្លេក,32,27
អាជីវក,32,25
អង់គ្លេស,32,30
គឃូស,32,26
ត្រៃបិដក,32,21
ស្បែក,32,29
ក្សេម,32,25
កំពឹស,32,22
អនុបាត,32,26
យានជំនិះ,32,21
ទក្សិណ,32,30
ពិទូរ្យ,32,30
គណៈអធិបតី,32,31
សន្ទនីយភាព,32,26
សមមូល,32,29
សង្វារ,32,27
ហឹប,32,22
ម្ហូប,32,29
ស្រាយ,32,22
មាត្រ,32,23
ត្អូញ,32,25
ក្រឡាប់,32,29
ទុទ្ទិដ្ឋិនិយម,32,27
ឌុប,32,27
សព្វថ្ងៃ,32,28
ធម្មនុញ្ញ,32,27
បរានុម័ត,32,28
បំផ្លើស,32,22
សំពៅ,32,27
សម្រាំង,32,26
ព័ត៌មានវិទ្យា,32,23
សម្រែក,32,24
ពន្លាក,32,14
បង្ហើយ,32,24
ចៃដន់,32,11
អញ្ញាត,32,22
ញោម,32,26
ត្មិល,32,28
ប្រឡាយ,32,25
ពឹង,32,26
បង្វឹក,32,28
វិល,32,26
រអាក់រអួល,32,30
រមណីយ,32,29
ចប់,32,27
ការិយាធិបតេយ្យ,32,23
មោហោ,32,25
ស្រទំ,32,18
បរិពារ,32,26
ល្គឹក,32,24
រលត់,32,28
ប្រមុខ,32,23
ថ្នម,32,24
ក្រាស,32,28
សគុណ,32,30
ពុន,32,28
ខ្វល់,32,20
សេចក្ដីសម្រេច,32,16
បឋមាសាឍ,32,24
ស្រង់,32,28
អត្ថាធិប្បាយ,32,25
និមល,32,27
តាន់,32,19
សហាយ,32,23
ជញ្ជីង,32,27
ទេវទត្ត,32,21
ពន្លែង,32,20
ទំនួល,32,30
ជីរ,32,24
សោះកក្រោះ,32,27
គំនូស,32,25
បុថុជ្ជន,32,27
របៀង,32,23
សាកសព,32,26
មហាតលិក,32,28
ស្រួល,32,31
ស្លឺ,32,23
ឧបោសថ,32,27
ជនពាល,32,16
ឆ្អិន,32,26
ព្រេច,32,23
ឈ្លើយសឹក,32,25
ធារាសាស្រ្ត,32,27
កំណួច,32,23
ការី,32,21
កប់,32,26
អសន្តិសុខ,31,25
ដំឡូង,31,26
បម្រះ,31,27
ចិន,31,26
ចែស,31,21
លីលា,31,27
មហាជន,31,20
សៅរ៍,31,24
សិត,31,25
ខ្ពង់រាប,31,27
ប្រចាំ,31,27
ក្រុមប្រឹក្សា,31,21
រដ្ឋមន្ត្រី,31,25
ល្អាង,31,28
ទេពតា,31,28
ចុក,31,26
គ្រលរ,31,17
សារការី,31,23
ដន្លង,31,20
ប្រថាប់,31,27
បណ្ដាញសង្គម,31,24
ស្វ័យនិយោជន៍,31,22
គាល់,31,29
សមុទ្ទ,31,26
កម្ពុ,31,29
ទិនករ,31,28
បក្ខ,31,20
សម្បជញ្ញៈ,31,27
ចង្កូម,31,19
ស្ដីទី,31,20
រញ្ជួយ,31,23
ឥសូរ,31,21
ចត្រង្គ,31,27
សម្បថ,31,27
មហាវិទ្យាល័យ,31,26
សន្លឹក,31,28
ភាគ,31,26
ញាក់,31,28
សណ្ដំ,31,24
ឧទាន,31,30
ព្រងើយ,31,24
ទាក់,31,30
មមី,31,26
សន្ធាប់,31,24
អាយ៉ង,31,25
រោគាពាធ,31,27
សំបែង,31,26
អ៊ុត,31,20
អនេកប្បការ,31,25
ពុករលួយ,31,22
ជន្ល,31,18
មល្លិកា,31,29
ព្រះរាជអាជ្ញា,31,23
អង្វរករ,31,22
ក្អេងក្អាង,31,23
កំហែង,31,22
ទីតាំង,31,27
ឃ្មោះ,31,22
កំពូល,31,30
ក្សត្រិយ៍,31,23
បណ្ណាគារ,31,28
មោទនៈ,31,29
ឈ្នាន់,31,26
ជើងសា,31,20
មូលវិចារណ៍,31,19
ឡេវ,31,24
រអិល,31,25
សិង,31,26
ចែក,31,26
បន់,31,29
ជប់,31,23
គុណូបការៈ,31,26
អក្ខរក្រម,31,28
អន្តរា,31,30
កុលាលភាជន៍,31,26
ជញ្ជក់,31,22
ឈ្លី,31,24
ភូគព្ភសាស្ត្រ,31,25
កុបកម្ម,31,29
លីត្រ,31,27
សាច,31,21
រាប់អាន,31,28
កូតា,31,21
ព្រាត,31,20
គ្រឿងទេស,31,29
មត៌ក,31,26
បំពេញ,31,29
កលិយុគ,31,25
សំពង,31,23
ស្លេកស្លាំង,31,20
ព្យាង្គ,31,23
តាក់តែង,31,29
មហោស្រព,30,27
សំទុះ,30,26
គ្រុឌ,30,21
ចង្អៀត,30,25
រោគ,30,27
អគ្គិ,30,27
ព្រា,30,28
ខ្ចាយ,30,24
សារភាព,30,25
ស្ពាន់,30,25
បារគូ,30,22
កន្លះ,30,25
វារៈ,30,26
ស្បៃ,30,24
រើបម្រាស,30,16
ឆ្នុក,30,22
រ៉េ,30,15
ឆាប,30,25
ក្រអឺតក្រទម,30,24
សេវភាព,30,23
ហាស,30,24
សារជាតិ,30,24
ឧប្បត្តិការណ៍,30,21
ជតា,30,25
ញ៉ម,30,23
អន្ទង់,30,25
គក់,30,25
ប៉ម,30,23
ទូទឹកកក,30,27
បណ្ដោះ,30,29
ណាត់,30,21
ព្រួយបារម្ភ,30,22
កាសែត,30,25
នាឡិ,30,26
ផ្ដើម,30,27
បាបមិត្ត,30,23
ឡេះឡោះ,30,24
រាសី,30,28
កល្យាណី,30,27
កំសាក,30,25
បដិញ្ញា,30,27
ក្ដាម,30,27
ចាញ់,30,24
អនក្ខរភាព,30,23
ប្រលេះ,30,22
ការ្យ,30,28
រក្សាទុក,30,25
ភាវ,30,27
ដេប៉ាតឺម៉ង់,30,10
ខ្ចរខ្ចាយ,30,27
ដណ្ដប់,30,25
និម្មិតកម្ម,30,15
ផ្ទុក,30,24
ការ៉ាស់,30,23
ទើស,30,26
បេឡា,30,26
ចាត់ចែង,30,25
ម្នា,30,19
បណ្ដេញ,30,24
នព្វ,30,26
ច្រមុះ,30,26
រនាំង,30,26
សោភ័ន,30,27
មេស,30,27
ចូលរួម,30,27
ម្លូ,30,22
ស្កប់,30,25
សទិស,30,26
កកូរ,30,27
ពង្រាយ,30,24
ទារុណ,30,26
ស្ពាន,30,23
ប្លុក,30,27
បង្ហោះ,30,26
លួច,30,28
ប៉ាន់,30,27
យុទ្ធោបករណ៍,30,20
ញាំញី,30,23
ភោជន,30,26
ស្រេង,30,24
ភមរជាតិ,30,25
ថ្ងូរ,30,23
ថ្វីត្បិត,30,21
ដើមឈើ,30,21
បុត្ត,30,23
ប្រាំ,30,12
នវកម្ម,30,24
គ្រលៀស,30,16
ជេដ្ឋា,30,17
ចីពរ,30,27
ផែនដី,30,24
ត្រីសូល៍,30,26
អគ្គនាយក,30,25
បន្ទន់,29,27
វណ្ណយុត្ត,29,24
តុបតែង,29,22
ដាច,29,19
ប្រោះ,29,28
គ្រប់គ្រាន់,29,26
ធូប,29,27
សើច,29,24
បំបរបង់,29,25
ផ្គាប់,29,25
គគ្រឹកគគ្រេង,29,23
ថ្មកែវ,29,25
ផាត់,29,28
ទាំងមូល,29,15
សព៌ាង្គ,29,20
ខ្នើយ,29,28
ស្រណោះ,29,22
ក្រាប,29,24
ភាតរ,29,27
ត្រចះ,29,25
មីសួ,29,18
ហត្ថលេខី,29,24
ប័ណ្ណសារ,29,27
គ្រហឹម,29,21
សេរ,29,24
ថាស,29,26
សីហៈ,29,24
លម្អង,29,26
ល្មៀត,29,23
ក្សេត្រសាស្ត្រ,29,23
ទ្រព្យសកម្ម,29,21
រលំ,29,26
ព្រះអង្គ,29,26
អង្គែ,29,25
បម្រាស,29,16
ខ្វះខាត,29,23
កញ្ជើ,29,21
វិទ្យុ,29,25
ស្រវឹង,29,22
អឺរ៉ុប,29,24
រំដោះ,29,22
វិចារ,29,25
ប៉ិច,29,23
សេរ៉ូម,29,19
ទំនាប,29,26
ចុង,29,26
គ្រញូង,29,16
បន្លាស់,29,23
មេរោគ,29,24
ខ្លែង,29,24
បេតុង,29,21
កិន្នរ,29,19
ទេវី,29,25
សំរឹទ្ធ,29,20
រលក,29,23
ព្រាប,29,25
ប្រេត,29,25
ផ្ដិត,29,20
សិច,29,28
បុក,29,28
ខ្ទប់,29,26
ក្រមការ,29,23
សង្រេង,29,25
បញ្ឆិត,29,22
លញ់,29,17
ស្លែ,29,22
វារីវប្បកម្ម,29,26
កាណ៌,29,24
ជ្រៀតជ្រែក,29,25
បន្ទះ,29,25
ច្រាល,29,24
រោល,29,16
វិសម,29,28
ស្ពាយ,29,25
អាណាប័ក,29,18
ប្រាស់,29,23
ជួស,29,26
ពុទ្រា,29,25
ឧត្តមសេនីយ៍,29,25
ខៀវ,29,23
ខ្ទាស់,29,25
ឃាតកៈ,29,19
កវីនិពន្ធ,29,27
ម្នីម្នា,29,23
ស្ដែង,28,21
ពូន,28,24
ច្របល់,28,23
បន្តក់,28,27
ខ្សែក្រវាត់,28,23
សាប់,28,26
អំពល់,28,20
ភ្លេង,28,22
ចាយ,28,25
បីបាច់,28,19
បណ្ឌិត្យ,28,25
តម្រុយ,28,22
ផ្ទួន,28,24
កញ្ជ្រោល,28,24
ភាំង,28,19
ខ្ចៅ,28,24
ស្លេស្ម,28,15
ចឹក,28,26
ភៀសខ្លួន,28,27
ពេញនិយម,28,23
ត្បិតត្បៀត,28,23
វិវឌ្ឍនៈ,28,26
ដំណំ,28,23
កំពែង,28,25
គន់គូរ,28,10
ឃ្លុំ,28,22
តបៈ,28,24
សម្រុះសម្រួល,28,24
ប្រកួតប្រជែង,28,23
សើរើ,28,21
ទើប,28,25
ក្រោម,28,22
បន្ទោបង់,28,24
ទូត,28,25
ហេមន្ត,28,24
ថោក,28,24
ដូច្នោះ,28,23
អស្ស,28,26
ត្រើយ,28,26
ភាជនៈ,28,23
ចាក,28,25
ម៉ឺនុយ,28,22
ក្រញូវ,28,20
មុង,28,24
សស្ត្រ,28,20
អំបោះ,28,25
វេហាស៍,28,28
ខមាទោស,28,25
ចក្រភព,28,22
ខ្ពង់,28,23
ហ៊ុន,28,22
ពោង,28,20
គ្រញែង,28,15
ខ្នាយ,28,17
បៀម,28,22
បុត្រា,28,24
នេត្រ,28,20
ក្បាច់,28,27
រំងាប់,28,22
ស៊ុត,28,24
ពាំ,28,25
មូរ,28,26
ភ្ជង់,28,20
គាំង,28,23
បដិភាណ,28,23
ល្បាត,28,27
ពូថៅ,28,17
លោកា,28,23
ពេស្យាចារ,28,21
ទាំងឡាយ,28,17
ផ្គើន,28,19
អាវ,28,24
បូព៌ា,28,25
អាគ្នេយ៍,28,23
ចង្រៃ,28,25
មែក,28,24
ទីក្រុង,28,26
ដុត,28,25
ក្រូចឆ្មារ,28,26
ផ្អៀង,28,21
ស្គរ,28,22
ទិញ,28,25
លន្លង់,28,24
ទុរយស,28,25
ទទូច,28,21
ខើច,28,18
ឆ្លាស់,28,26
ចាប,28,23
ជ្រមុជ,28,23
ផ្ដាសា,28,26
ព្រាយ,28,25
កម្លា,28,21
ពាយព្យ,28,22
កន្ទេល,28,23
សម័យកាល,28,24
កណ្ឌ,28,21
ប្រកែក,28,21
រ៉ាយរ៉ាប់,28,21
អែម,28,22
ទន្ត,28,21
កណ្ដៀរ,28,23
សរីរៈ,28,21
ច្រោះ,28,28
បណ្ដាំ,28,25
រុក,28,26
ម៉ឺង,28,28
វល់,28,25
ខ្វាត់ខ្វែង,28,24
ខេមរៈ,28,26
លំហាត់,28,24
វិភា,28,17
ជ្រលក់,28,23
អម្បាលម៉ាន,28,15
ផ្គាក់,28,17
ខ្យង,27,22
អមនុស្ស,27,24
អន្លក់,27,25
បញ្ញាជន,27,21
ក្រយា,27,22
ខ្លះ,27,23
ប៉ូវ,27,23
ឧត្តមានុភាព,27,25
ចង្ហាន់,27,25
បោល,27,25
ជាំ,27,21
ទប់ទល់,27,20
សង្គមកិច្ច,27,23
វិនាសកម្ម,27,25
ច្រាំង,27,24
វិក្រឹតការ,27,24
តង់,27,20
ឃ្នាប,27,23
រុករក,27,26
ដង្ខៅ,27,26
សម្រាយ,27,22
ផ្កាយ,27,23
ចក្កវាឡ,27,25
ទំនប់,27,24
ដូចនេះ,27,10
ផ្តិល,27,17
ឧបត្ថម្ភក,27,16
អគ្គី,27,26
គរុ,27,25
ជ្រះ,27,25
ធៀប,27,23
សែង,27,23
បំពាក់,27,26
លាន់,27,24
ជ្វា,27,25
ស្ងួត,27,23
សង្ឃដីកា,27,23
ស្របច្បាប់,27,22
ស្ទង់,27,23
អភ័យឯកសិទ្ធិ,27,20
លើកលែង,27,23
ច័ន,27,22
ស្រួច,27,21
សត្តឃាត,27,22
ស្លាក់,27,26
ប្រមើល,27,25
ចតុ,27,25
ក្រៃ,27,22
ស្កាត់,27,26
ក្រាំង,27,21
បំណែក,27,24
ធូលី,27,24
ឡើយ,27,22
ងប់ងុល,27,21
ប្រពលភាព,27,18
សឹម,27,24
រួច,27,25
រៀម,27,22
ឆោត,27,23
សេនាសនៈ,27,23
នភា,27,23
ពិពិធ,27,25
លាវ,27,24
ឧត្តមសិក្សា,27,24
ទោសពៃរ៍,27,12
ជ្រួតជ្រាប,27,17
ស្រុះស្រួល,27,19
ជុះ,27,21
ស្ទួន,27,23
វិចិត្រសិល្បៈ,27,25
ស្រង,27,23
ចង្រិត,27,22
សទិសន័យ,27,27
ច្យុត,27,24
អាថ៌,27,25
ឆ្ងាយ,27,24
សាយណ្ហៈ,27,19
ទច់,27,19
ត្រប៉ែ,27,20
ចតុស្ដម្ភ,27,23
អាំងតង់ស៊ីតេ,27,8
បន្ស៊ាំ,27,24
ខាំ,27,23
ប៉ិក,27,26
កណ្ដឹង,27,23
ភស្ដា,27,17
ក្ដាត់,27,23
រោច,27,17
ខ្សឹកខ្សួល,27,22
វាត,27,26
ស្នៀត,27,22
សាំង,27,24
គគីរ,27,22
កិន,27,24
គាបសង្កត់,27,24
ចេស,27,22
វ័ន,27,19
រលឹម,27,17
អង្គរវត្ត,27,21
លូក,27,22
ស្ដើង,27,23
រំលាយ,26,22
និរុត្តិសាស្ត្រ,26,19
ត្រកួន,26,19
វិចារណកថា,26,20
តែងតាំង,26,20
ដោះលែង,26,25
ង៉ក់,26,16
អវតារ,26,23
សាកលភាវូបនីយកម្ម,26,21
នរវិទ្យា,26,20
យ៉ាប់,26,20
ម៉ៅ,26,24
កំបាំង,26,25
សាខា,26,22
ភិយ្យោភាព,26,19
ម៉ូយ,26,21
រោម,26,23
ក្របី,26,21
សោភិនី,26,22
ក្បឿង,26,22
ស្វ័យសិក្សា,26,22
កម្លោច,26,23
ចំប្រប់,26,18
វាណិជ្ជការ,26,16
សុពណ៌,26,14
ភណ្ឌ,26,22
បញ្ចា,26,24
គ្រឺត,26,20
ឧបទ្ទវ,26,24
បំពេញរាជ្យ,26,23
ស្វីការ,26,15
អធិស្ឋាន,26,21
អាឃាត,26,20
គេហ៍,26,21
សាវ៉ា,26,25
រៀបរយ,26,25
ព្រឹទ្ធបុរស,26,19
ឆ្ការ,26,20
រំកិល,26,21
ជម្រាបលា,26,15
ត្រស្តិ,26,22
ព្រឹម,26,17
នួន,26,21
ប្រទូសរ៉ាយ,26,19
បញ្ញាសិប្បនិម្មិត,26,22
សង្រួម,26,22
ស្រករ,26,25
ម្នេញ,26,21
ក្បិតក្បៀត,26,17
សុស,26,22
ទង់,26,16
បេះដូង,26,21
ជួបជុំ,26,25
ស្រវាស្រទេញ,26,20
ច្បារ,26,21
កៀង,26,21
អាកាសយានដ្ឋាន,26,16
នីតិជន,26,22
រួបរួម,26,17
ស្លន់,26,21
សាសង,26,22
បំណាំ,26,20
ស្រទន់,26,21
ពាសពេញ,26,17
បួន,26,21
ជោះ,26,21
លីវ,26,20
ធាតុអាកាស,26,23
ផ្លោះ,26,23
មណ្ឌុកសត្វ,26,25
ស្រុស,26,18
កិច្ចព្រមព្រៀង,26,22
ឥន្ទ្រ,26,24
អាម,26,17
ក្រឡុក,26,22
ចុច,26,22
ព្រូស,26,21
ពន្លត់,26,23
ឆ្មើង,26,25
ឆៃយ៉ាំ,26,19
អាក្រាត,26,21
រុក្ខ,26,22
ហ្វ្រាំង,26,17
រំងាស់,26,20
លាស់,26,24
ពង្រ,26,25
កុមារី,26,19
ពន្លិច,26,22
ទាម,26,23
ល្ហិតល្ហៃ,26,16
សំប៉ែត,26,26
ពពែ,26,19
រលីង,26,22
លើកស្ទួយ,26,23
ប្លន់,26,21
ហាល,26,22
ផ្លិត,26,20
ស្រឡូន,26,22
តម្បាញ,26,21
ធ្យូង,26,19
តឿន,26,23
នីតិសម្បទា,26,21
គិលាន,26,24
ល្ហែម,26,19
លោកីយ៍,26,22
តឹកតាង,26,21
ភតិបតី,26,17
ប្រៃ,26,23
កកិត,26,21
កញ្ចឹងក,26,19
និរាស,26,19
រាជា,26,22
ចៀន,26,21
ហក់,26,23
រំពង,26,21
ផ្គរ,26,20
ពុធ,26,23
ស្មុគ,26,21
ដួល,26,23
ផ្សាំ,26,21
ទើរ,26,20
កណិការ,26,22
ច្របូកច្របល់,26,19
ដង្កូវ,26,21
រយីករយាក,26,17
សុដន់,26,20
សម្ភព,26,22
ជាយ,25,21
ថ្នល់,25,22
ព្រិល,25,20
ពពិល,25,19
ប្រជ្រៀត,25,15
មាលី,25,15
ឆ្មប,25,13
ជីវពល,25,17
ជំរឿន,25,23
សហជីវិន,25,22
ឈាបនកិច្ច,25,18
សលាក,25,12
ឆែក,25,20
ទាក់ទិន,25,21
អាក់,25,23
តទៅ,25,23
ខិត,25,21
រំសាយ,25,21
ប្លុង,25,16
អធិក,25,20
គោលជំហរ,25,21
ប្រមា,25,17
រសើប,25,20
ទិវាសួស្ដី,25,22
សិន,25,23
ចំនួប,25,18
គ្រលួច,25,19
ពិធីករ,25,15
រើស,25,22
មាណព,25,23
សង្កា,25,14
បំផុស,25,23
វិញ្ញូ,25,21
អាសអាភាស,25,20
ធាន,25,18
កប្ប,25,23
ដើមទុន,25,19
យន្តហោះ,25,17
ខ្ទេចខ្ទី,25,22
សមណគោតម,25,22
ស្រឡាំងកាំង,25,19
បណ្ណបើកបរ,25,17
ត្រដែត,25,22
ហ្វឹក,25,22
បន្លប់,25,21
ឥឡូវនេះ,25,22
រួមភេទ,25,23
បារ៉ែល,25,22
ក្រិន,25,15
បន្ទរ,25,20
កាពិ,25,18
ស្មន់,25,23
ខ្នោះ,25,18
កតិកាសញ្ញា,25,17
ហោរា,25,22
បំបាត់,25,22
ឆក់,25,22
ស្វាធ្យាយ,25,19
ភេទ,25,21
ជាក់,25,24
បញ្ច្រក,25,18
ធ្លា,25,24
ឆុង,25,19
ខ្ទើយ,25,22
សន្ធិប្រកាស,25,6
ជោគវាសនា,25,20
ក្រអៅ,25,21
រមៀល,25,18
អំលុង,25,24
ទាស,25,14
នែបនិត្យ,25,21
សភាពការណ៍,25,22
ជ្រះថ្លា,25,22
ស្ទួយ,25,16
ទុតិយ,25,21
ត្រួស,25,20
អនុបវាទ,25,18
ឥណទេយ្យ,25,20
បង្ហើប,25,16
ពួន,25,23
មូលបទ,25,20
វេទយិតភាព,25,19
លេខា,25,22
បាល័ដ្ឋ,25,20
មហស្ចារ្យ,25,23
លក្ស,25,14
ម្លិះ,25,22
យោធ,25,19
កិត្តិសព្ទ,25,20
រនាប,25,19
ឫទ្ធ,25,23
គត់មត់,25,23
ប្រេកង់,25,22
អបលក្ខណ៍,25,24
នាវ,25,22
ស្លៀក,25,21
បច្ចុប្បន្នកាល,24,21
ស្រព,24,21
ដែក,24,21
កោដ្ឋ,24,18
ត្រួសត្រាយ,24,15
ផ្គង់,24,21
គុហា,24,18
ជីជាតិ,24,22
ក្មួយ,24,17
បង្អែម,24,17
បក្សា,24,21
ប្រាក,24,24
រវាម,24,16
កកាយ,24,18
អព្ភ,24,17
ឆ្កូត,24,20
អត្រានុកូលដ្ឋាន,24,17
ចែង,24,21
បន្ទោ,24,19
ក្រពុំ,24,16
បង់រំលស់,24,15
ថ្នឹក,24,23
ឯកជនភាព,24,20
ផិត,24,20
កាប,24,24
ស្រងេះស្រងោច,24,21
ចាំង,24,22
ត្រីវិស័យ,24,23
ញាប់ញ័រ,24,21
ម្លប់,24,22
ស្រាក់,24,24
ហោច,24,23
ចារិត,24,21
ស្លូតបូត,24,24
ហាមប្រាម,24,19
ក្រចក,24,18
អប្បិយ,24,19
ព្រះវិហារ,24,19
កន្លុក,24,19
ប៉ាក់,24,21
រង្គសាល,24,21
ខ្សោះ,24,21
សុរ,24,17
របូត,24,22
ខ្លៅ,24,21
ស្រក,24,22
អំបិល,24,17
គ្រោះមហន្តរាយ,24,18
ទ្រូង,24,17
ជាតូបនីយកម្ម,24,23
សែសិប,24,11
គង្វាល,24,18
ចំណោត,24,20
ស័ព្ទ,24,19
សម្ពាយ,24,21
ម្ដុំ,24,17
ពាម,24,19
ក្អាកក្អាយ,24,19
ស្លាប,24,23
រដ្ឋប្រហារ,24,20
ភ្ជុំ,24,19
ក្អួត,24,14
សកិ្តសិទ្ធិភាព,24,18
ក្រមៅ,24,18
បោស,24,23
ទទ្រើក,24,11
រុន,24,23
ប្រាំពីរ,24,15
ឥណពន្ធ,24,19
ឆ្មក់,24,14
ទិច,24,21
អង្អែល,24,20
ក្រវាញ,24,20
បញ្ចោរ,24,18
ខាត់,24,20
ជាស,24,23
សង្ឃរាជ,24,20
ប្រពោធនកម្ម,24,17
ខួង,24,23
ផ្អឹប,24,17
ហឺត,24,15
សន្មតិ,24,19
សេង,24,20
លត់,24,21
មហាក្សត្រិយានី,24,14
ឈ្មោល,24,17
ជន្មា,24,22
បង្កង,24,16
រូបា,24,22
ក្អក,24,18
កំព្រឹស,24,13
ព័រ,24,21
ជៀន,24,20
អូដ្ឋ,24,16
បដិសណ្ឋារៈ,24,19
ថ្កើង,24,22
ចម្រៀក,24,19
កោស,24,22
គំរឹល,24,15
បេសកជន,24,15
ប្រធានាធិបតី,24,19
ច្រាប,24,16
វ័ណ្ដ,24,19
អាប,24,23
អដ្ឋង្គិកមគ្គ,24,15
ហោះ,24,18
ចក្រី,24,20
ខាន,24,20
ជ្រុង,24,22
បរិហារ,24,19
ណាយ,24,21
បំពង់ក,24,19
សម្ភោរ,24,23
កំប៉ុស,24,19
អន្សា,24,19
របាំង,24,21
ហ្ន៎,24,18
រមួល,24,19
កីឡាករ,24,20
កន្ទុយ,24,23
ពើប,24,22
ផ្អែក,24,17
ងឿង,24,20
វិសាលគម,24,22
ឃាត,24,24
វ៉ា,24,21
ត្រេក,24,23
ភាស៊ី,24,18
ឃ្លោក,24,20
និយ័តភាព,24,22
រង្វាស់,24,18
សុរិយោដី,24,22
នាមករណ៍,24,19
អើត,24,23
និកាយ,24,22
ស្រែះ,24,19
ខ្ពើម,24,15
ជីវៈចម្រុះ,24,20
ជំនូន,24,22
បរធន,23,20
សង្វៀន,23,17
រវៀស,23,16
រាងចាល,23,20
ពង្វក់,23,18
ដួស,23,21
ហាង,23,19
ប្រតិវេទន៍,23,22
ខ្ទរ,23,19
ដាច់ខាត,23,19
ជ្រោយ,23,18
ដំប,23,20
តន្ត្រំ,23,14
ជ្រួស,23,15
រណារ,23,17
សាកសួរ,23,17
រំជួល,23,15
ពង្រាប,23,14
ស្រាវ,23,21
ឧទ្យានជាតិ,23,20
ពិស្ណុការ,23,18
ច្រូត,23,19
ផ្ដៅ,23,15
ក្រសែភ្នែក,23,20
ក្លាសេ,23,19
បញ្ជាការ,23,14
រាជវង្ស,23,22
មាឃ,23,18
ធ្លាយ,23,22
ម្រះ,23,21
បង្អែក,23,21
រងើក,23,14
សង្គ្រុប,23,21
ហ៊ឹង,23,19
នឹងធឹង,23,21
មេសា,23,21
អប្បមាទ,23,17
របាយ,23,19
ពោធិ៍សាត់,23,21
ដំណោះស្រាយ,23,23
ឥច្ឆា,23,19
ដេញ,23,22
ព្រើត,23,17
ប្រស់,23,20
បំផ្លិច,23,22
លលាដ,23,20
កម្មការ,23,22
ទ្រេត,23,12
ប្រតិស្ឋាន,23,15
ឫទ្ធានុភាព,23,20
ត្របាក់,23,18
ហាត់ប្រាណ,23,16
ស្នែង,23,20
ឡោម,23,21
គ្រឹហា,23,17
យាគូ,23,21
បង្ហើរ,23,14
ស្នំ,23,21
ចតុមុខ,23,20
ហុត,23,18
បាល់,23,20
គ្រង,23,19
កន្ទ្រើង,23,16
លុង,23,20
វាំង,23,21
មមៃ,23,20
ផង់,23,18
កកេរ,23,22
ពព្រិច,23,20
អម្ពិល,23,14
ឈាបនដ្ឋាន,23,15
ផ្ទាំង,23,20
ត្រឡាច,23,19
អតុល្យភាព,23,23
ស្អែក,23,20
ព្នៅ,23,17
ភ្នក់,23,20
សមានកម្ម,23,19
ចំពូក,23,17
ឆោឡោ,23,19
វិយោគ,23,15
ប្រជែង,23,21
ស័ក្ដិយស,23,19
បង្កើយ,23,17
ចង្អូរ,23,16
ឈូស,23,19
សោតទស្សន៍,23,19
អយ្យកោ,23,17
បាតុភាព,23,19
ស្រក់,23,21
កប្បាស,23,19
ភ័ស្តុ,23,14
មត់,23,22
វិស្សកម្ម,23,21
ភិត,23,20
ទោល,23,17
សូរសព្ទ,23,19
ថ្លោះធ្លោយ,23,16
ស្ងួន,23,18
កំណាច,23,17
អនុមាន,23,16
វិសម្ពាធ,23,17
គ្រូបាធ្យាយ,23,19
ប្រកដ,23,17
កន្លាស់,23,22
ទឡ្ហ,23,21
សម្រេចចិត្ត,23,20
អុកឡុក,23,14
សមរាត្រី,23,19
មូស,23,19
ពោធិ៍,23,21
ផ្ដាស,23,19
ខ្ញៀវខ្ញារ,23,21
ភ្ជិត,23,9
រឹងប៉ឹង,23,19
ឡែក,23,20
បពិត្រ,23,21
សម្បោរ,23,19
បែបបទ,23,21
រូបរាង,23,18
ដូនតា,23,18
រាំងស្ទះ,23,18
ហោត្រ័យ,22,10
គិញ,22,17
លៀស,22,18
អំបែង,22,18
រូត,22,18
វិកល,22,11
អធ្វា,22,17
វចនៈ,22,19
ពោល្យំ,22,14
ឃ្លោង,22,18
រលាត់,22,19
ពេប,22,19
វិវដ្ដ,22,19
ភ្លោះ,22,17
ថ្គាម,22,18
អាពាធ,22,19
គុយទាវ,22,14
សម្អប់,22,16
ក្ដិច,22,21
បរិវត្តន៍,22,17
អធិករណ៍,22,19
ទាយជ្ជទាន,22,21
គូកន,22,19
ពលីការ,22,20
កម្មបទ,22,20
ញាតកា,22,20
ប្រេសិត,22,18
បព៌ត,22,20
រវាត,22,15
ផ្គត់,22,21
ធ្លោយ,22,21
រាំ,22,20
ពិជ័យ,22,18
ម្រេច,22,22
សន្ធោ,22,19
ស្រគាល,22,17
សន្តតិ,22,20
កុង,22,18
ដំបៅ,22,18
ទទ្រើត,22,11
បរិធាន,22,18
អន់,22,20
ជំនួយការ,22,18
ប្រវេណី,22,18
អន្ទោល,22,17
អង្ក្រង,22,17
ឆ្អែត,22,14
វិចារណកម្ម,22,18
រាលដាល,22,21
រុង,22,18
ផ្កាប់,22,16
អង្គជាត,22,14
ប្រវត្តិរូប,22,21
ត្រួយ,22,17
ជុំរុំ,22,15
តន្ថើន,22,15
ទទឹម,22,18
ស្រុត,22,16
អនុជ,22,20
សេក,22,16
ផាក,22,12
សន្លឹម,22,20
ពុទ្ធិក,22,21
សៀត,22,18
អនាចារ,22,20
វ័ណ្ឌ,22,21
សម្បាច់,22,8
បន្ថើរ,22,18
ស្វាយ,22,19
សុន្ទរ,22,13
ស្រយុត,22,16
កន្សែង,22,14
ព្រះបាទ,22,20
កៅសិប,22,10
ចំណិត,22,17
ខួប,22,18
ស៊ុប,22,20
ខ្ជឹប,22,12
កណ្ដាប់,22,14
របេះ,22,19
ធុរជន,22,20
បង្ហាត់,22,20
និត្យ,22,19
បាឡាត់,22,18
សោកា,22,18
ព្កុល,22,14
យឺន,22,19
ច្រឡោត,22,15
គ្រាម,22,18
កម្មសិក្សា,22,18
ឧស្សាហៈ,22,20
ហ៊ូ,22,16
ប៊ូតុង,22,18
ហិតូបត្ថម្ភ,22,17
លង្ហិន,22,20
រណប,22,19
ទេសាភិបាល,22,20
ប្រទូស្ត,22,21
ពាល់,22,22
កក់ក្ដៅ,22,18
មូសិកទន្ត,22,17
វាល់,22,19
សួគ៌ា,22,19
ស្ដាំ,22,17
គារវៈ,22,13
ចង្កូត,22,15
ជ្រៅជ្រះ,22,17
លន់,22,15
ត្រឹង,22,18
កុក,22,20
សម្បារ,22,19
របួស,22,20
ប៉ី,22,14
ត្រីចក្រយាន,22,19
វិស្សុត,22,18
ស្រាប់តែ,22,10
ល័ក្ខណ៍,22,14
អន្តរក្រសួង,22,10
ច្រវា,22,18
បវត្តិ,22,16
ត្រដុស,22,16
ប្រវែង,22,16
ត្រាច់,22,20
អ៊ូ,22,18
អដ្ឋិធាតុ,22,17
ស្ងៀមស្ងាត់,22,19
កិច្ចកល,22,18
គ្រំ,22,20
គ្រួ,22,20
ម៉ុម,22,15
ជង់,21,18
ចិត្តវិទ្យា,21,16
កំផែង,21,15
អន្យតិរ្ថិយ,21,18
បបួល,21,19
ប្រណាំង,21,17
គជសារ,21,13
ជ្រប់,21,17
ទោចក្រយានយន្ត,21,20
ប៉ាឆា,21,15
ពាធា,21,13
សួនច្បារ,21,19
ឱហាត,21,18
អែប,21,17
ក្រឡាហោម,21,16
មេដាយ,21,20
ខ្នែង,21,10
ទូច,21,19
ផលុបភោគ,21,13
មហាសន្និបាត,21,16
លាប់,21,19
ជីតា,21,18
ឧគ្ឃោសនសព្ទ,21,16
គឃ្លើន,21,18
បំពង,21,19
ជ្រោង,21,18
ពង្រាត់,21,20
សត្តនិករ,21,15
កម្សោយ,21,19
ទុក្ខធុរៈ,21,20
ឆ្អល់,21,13
ភួង,21,18
ចេក,21,19
កោង,21,19
ប៉ែតសិប,21,15
សាស្ដា,21,18
កូត,21,18
របក,21,20
ចាប់ហួយ,21,16
សម្ប័ទ,21,17
ខ្វាក់,21,20
បច្ចុប្បន្នកម្ម,21,16
ជាតា,21,18
ជីក,21,16
បឋមសិក្សា,21,16
ស្រាស់,21,18
ឥន្ទ,21,18
ពុទ្ធោវាទ,21,18
ប្រទូស,21,18
ប៉ែក,21,17
ខ្ទិះ,21,17
ភ័ក្ដិ,21,20
ក្ស័យធន,21,15
សមូហ,21,19
កណ្ដោចកណ្ដែង,21,14
រោលរាល,21,11
បេក្ខភាព,21,18
តុកកែ,21,15
ក្រៅ,21,20
ម្ខាង,21,15
ទាំងស្រុង,21,18
បសុពេទ្យ,21,18
ប្រកៀក,21,13
ងាំង,21,16
បរធនបាលកិច្ច,21,12
ដិតដាម,21,19
វិសិដ្ឋ,21,14
មោនភាព,21,20
ផ្សិត,21,18
អនុម័តិ,21,16
ជំនន់,21,17
សុភាវធម៌,21,16
ឆ្អើរ,21,15
ក្រវើន,21,17
អាឡោះ,21,19
ឯកតោ,21,19
ក្ងួរ,21,17
អថេរ,21,18
បៀក,21,15
ស្លុង,21,18
កណ្ដូប,21,16
ពានរ,21,20
កីឡដ្ឋាន,21,17
ប៉ុង,21,16
ចុតហ្មាយ,21,17
រមិល,21,18
និករ,21,17
សុច្ឆន្ទៈ,21,17
គាំ,21,20
ដួងចិត្ត,21,15
អណ្ដូង,21,19
ស្មូរ,21,18
ចាប៉ី,21,16
សង្កប្ប,21,16
កាន់កាប់,21,19
ភ្លឹង,21,17
ចន្ទគតិ,21,16
ពាំង,21,13
ផុលផុស,21,19
យោល,21,16
តង្កៀប,21,17
ខ្ញាក,21,16
រហ័សនាម,21,16
កញ្ចែ,21,15
សារពាង្គ,21,18
បញ្ឈឺ,21,16
ស៊ីផ្លេ,21,17
អត្ថគាហកៈ,21,18
ទទឹក,21,17
ជល់,21,18
អនុត្តរ,21,15
សូវ,21,19
យក្ខ,21,19
ធ្លោ,21,21
លតា,21,18
ឆ្ពុង,21,14
អសកម្ម,21,18
ច្រត់,21,17
ក្រែម,21,15
កម្មផល,21,9
ស្លឹក,21,17
សំឡី,21,19
រន្ទះ,21,20
ញញិម,21,15
អារក្ខ,21,17
ទាយាទ,21,21
ចំពប់,21,15
ខ្លី,21,16
រូបភាព,21,18
ទឹម,21,16
ចែវ,21,14
កាលវិភាគ,21,20
វីវក់,21,16
ទួល,21,17
កំណក,21,15
ច្បាម,21,14
ជ្រៅ,21,21
ស្លូត,20,19
គួប,20,17
ផ្ដោះផ្ដង,20,18
គោក,20,14
សំបោរ,20,19
រាជសម្បត្តិ,20,16
ស្មាន់,20,16
ប្រលោម,20,18
ត្រសៀក,20,14
បរមសុខ,20,18
ផ្លោង,20,15
ឧត្តមសេនីយ៍ឯក,20,8
បីតិ,20,19
នក្សត្រ,20,9
សំណូម,20,19
រលាយ,20,15
សាលាដ,20,15
ស្មូត,20,16
លលាដ៍,20,18
រលា,20,18
ស្នូរ,20,19
បញ្ជោះ,20,16
កាប់,20,18
ថែវ,20,16
ប៉ោង,20,19
រង្គាល,20,14
គួរតែ,20,20
យថាភូត,20,17
សង្ឃក,20,15
ស្លក់,20,13
សាំញ៉ាំ,20,18
ចង្អេរ,20,16
រឹតត្បិត,20,20
ទ្វារបាល,20,14
ដំអក់,20,11
សិទ្ធិវន្ត,20,18
ខ្មុក,20,18
ជ្វាលា,20,15
ស្រដី,20,18
ការ៉េម,20,17
កន្ទួល,20,11
សម្មតិ,20,18
ហេរញ្ញិក,20,16
ម្សិល,20,16
ក្រលៀន,20,14
អាលែស៊ី,20,13
លុកលុយ,20,16
សើម,20,17
បុស្ស,20,13
ផ្ទឹម,20,14
វិវរណៈ,20,17
ថ្លុក,20,12
ក្បិន,20,13
សង្កៀរ,20,10
ម៉ុង,20,14
ចតុប្បាទ,20,19
ព្យាធិ,20,17
ប្រឡេះ,20,15
គ្រវាត់,20,16
ក្រាញ,20,17
មួក,20,13
ងូត,20,16
ជនិន្ទ,20,11
រុល,20,13
ឧបាស្រ័យ,20,18
រនាស់,20,13
ស្មសាន,20,14
ក្រង,20,19
សមាន,20,19
ជ្រែក,20,15
ស្រយាល,20,17
ឆ្អឹង,20,18
ជ្រូក,20,15
ល្វីង,20,17
សមាទាន,20,19
ផុសផុល,20,19
ទទួលខុសត្រូវ,20,18
សញ្ជប់,20,19
សំកុក,20,15
ជាញ,20,12
គោរម្យ៍ងារ,20,15
វិត,20,19
ភទ្ទកប្ប,20,16
អឌ្ឍគោល,20,17
រីង,20,18
វិះ,20,14
ឧត្តរជីវី,20,18
ទ្រនិច,20,18
ផ្ចង់,20,15
អញ្ចាញ,20,18
លំពែង,20,15
ពង្វាង,20,18
រួញ,20,17
ឈូក,20,16
សែក,20,20
ស្លេវ,20,14
អត្ថរស,20,17
អនិច្ចំ,20,20
សំណូក,20,16
ឋបនីយ,20,9
ងើយ,20,19
កំបុត,20,17
យង់,20,17
ហប់,20,10
ស្វាន,20,16
សារិកា,20,17
សម្នាក់,20,16
សន្លាក់,20,19
ខ្ព,20,19
ល្ហែ,20,17
យីកេ,20,14
កាវ,20,16
មណ្ឌលសុខភាព,20,17
មិថុនា,20,20
ចៅអធិការ,20,19
ក្រពើ,20,17
សាវម៉ាវ,20,18
សស្រាក់,20,17
ពិភព,20,15
ស្ពឹក,20,16
ប្រសិនបើ,20,19
ពិពិធភាព,20,17
ស្ទូច,20,15
ទម្រើស,20,17
ការិនី,20,12
តាំងពី,20,15
រនាត,20,16
មូទូ,20,13
គ្រវែង,20,18
រហែក,20,15
សេវូបករណ៍,20,10
ភេត្រា,20,14
សមុច្ច័យ,20,18
ថ្វាយបង្គំ,20,16
ស្ទឹង,20,16
ទ្រោម,20,18
ចន្ទី,20,16
នឿយណាយ,20,16
រវៃ,20,17
ម្រាម,20,16
ព្នង,20,19
បិដក,20,18
អបមង្គល,20,9
កន្លង់,20,18
ស្រងូត,20,20
ប្រឈួន,20,19
គោរម,20,17
ប្រិយមិត្ត,20,17
អន្លូង,20,18
ក្រេវក្រោធ,20,15
តម្រួត,19,17
មាណវី,19,17
ចង្ក្រង់,19,17
ធាត់,19,17
ថ្នាក់ថ្នម,19,11
ទាល់តែ,19,14
បញ្ជាទិញ,19,17
តក្កមា,19,15
បង្ខូច,19,16
ហារ,19,17
កញ្ចុំ,19,17
បដិទាន,19,14
អណ្ដើក,19,14
ត្រៀបត្រា,19,13
ច្រអូស,19,15
សក្ក,19,19
រពាក់,19,16
ហាន់,19,17
បិតុភាព,19,18
បារាយ,19,17
គុណកិរិយា,19,17
អមរិន្ទ,19,18
កម្រៃជើងសា,19,18
សមាបត្តិ,19,15
សំណឹក,19,16
សមសួន,19,13
បរមបុរាណ,19,18
វ៉ាក់សាំង,19,11
ព័ស្ដុ,19,19
អំណោយផល,19,17
ហីនយាន,19,15
ចំណត,19,16
ជម្រុល,19,19
អួល,19,11
សំកាំង,19,14
ទិន,19,19
ប្រទាក់,19,18
កំពង់ផែ,19,18
តៀម,19,12
ករណនាម,19,13
ឆ្អិនឆ្អៅ,19,10
ឆ្លើយ,19,18
រវិច,19,16
ស្រៀវ,19,16
ប៉ាវ,19,17
ផើត,19,15
រង្គ,19,18
សំពាយ,19,12
រាយរាប់,19,14
ពោត,19,17
រង្គោះរង្គើ,19,18
សម្រោះ,19,11
ចិត្តសាស្ត្រ,19,17
លែបខាយ,19,14
តិរ្ថិយ,19,14
ចែចូវ,19,12
គ្របដណ្ដប់,19,16
ភ្លើតភ្លើន,19,18
យមរាជ,19,15
រាថយ,19,17
ប្រើស,19,17
រំញោច,19,15
ក្រញរ,19,12
អន្តោ,19,17
កើប,19,15
មេបា,19,17
បុរេនិច្ឆ័យ,19,15
ចាង,19,14
ពឹងពាក់,19,15
ឧច្ចារ,19,12
សណ្ដែក,19,16
សារី,19,15
ជេះ,19,15
ល្អក់,19,19
កម្ជិល,19,17
ឆ្ងក់,19,9
គណបក្ស,19,18
ពនិតា,19,15
ទីស្ដីការ,19,17
ត្រកង,19,16
ជ្រកកោន,19,15
ស្រាក,19,16
តុណ្ហីភាព,19,17
បាយអ,19,11
ឆូត,19,17
ក្រស្នា,19,15
ខ្យូស,19,15
មធ្យ័ត,19,17
វិបរិត,19,13
ហែល,19,18
ជួល,19,16
កញ្ជ្រោង,19,16
អំបូរ,19,19
ខ្ញី,19,13
ផ្ញៀវ,19,17
ចាម,19,17
ភាន,19,14
ហុង,19,18
ពិធីសារ,19,15
បង្គ្រប,19,13
ស្រួចស្រាវ,19,16
ព្រឹល,19,16
គម្រិះ,19,12
បណ្ដូល,19,16
ភូតគាម,19,14
ទាយក,19,13
មេន,19,16
ឆាយ,19,19
ពព្រាយ,19,16
ឆ្នួន,19,15
ត្រក,19,7
ងប់,19,18
ឧគ្ឃោសនាសព្ទ,19,11
ភទ្របទ,19,17
បរិកម្ម,19,15
ក្លែម,19,15
ចង្អោរ,19,15
កថិន,19,15
ក្រឹត,19,18
ឆ្ងុយ,19,18
លួង,19,12
បង្គី,19,14
រងំ,19,17
ឍាលិន,19,18
បន្សាប,19,14
សន្ទះ,19,19
រហោឋាន,19,14
តៀប,19,13
ក្សិណ,19,17
កងឈ្លប,19,13
ទ្រុស្ត,19,18
ផ្នួស,19,14
បន្តុះ,19,16
ស្កៀប,19,15
វីស,19,15
ក្រសារ,19,18
ជួត,19,16
ឧបកិច្ច,18,16
ញ៉ុក,18,12
ទុរជន,18,16
ប្រណីតភាព,18,15
សម្រុង,18,14
ក្រឹត្យក្រម,18,18
សំណើច,18,16
ធេង,18,13
រលីងរលោង,18,10
បដិទិន,18,10
កន្ទក់,18,16
នាដ្យកថា,18,15
ប្រផេះ,18,17
ចម្រូងចម្រាស,18,14
រដូវកាល,18,13
ក្រឡោត,18,10
ស្លាកស្នាម,18,11
នាយករដ្ឋមន្រ្តី,18,11
ម្រ័ក្សណ៍,18,14
ច្រែស,18,14
ដារ,18,16
អេតចាយ,18,12
ស្រស់បស់,18,14
វ៉ាកង,18,16
ក្រយៅ,18,15
ផ្ដាច់ការ,18,16
ច្របាច់,18,13
ទឡ្ហីករណៈ,18,15
ញេញ,18,17
ក្បូន,18,16
ចម្ពាម,18,12
ខណ្ឌសីមា,18,15
យុទ្ធភណ្ឌ,18,16
បន្លិច,18,10
ល្វើយ,18,15
បកស្រាយ,18,16
ស្រគត់ស្រគំ,18,12
ស័ង្ខ,18,12
សៀវ,18,14
វឌ្ឍនាការ,18,15
មេរុ,18,15
ភគវតី,18,7
គម្រក់,18,16
ផ្ទៀង,18,16
សម្មាន,18,15
ល្ហឹម,18,11
គុត,18,15
ជំនិះ,18,13
ទោរ,18,17
ចំពុះ,18,15
ទុកដាក់,18,16
ទ្រមូង,18,5
តៃហោង,18,12
អរូប,18,16
ជ្រំ,18,14
ត្រប់,18,18
ប្រូស,18,11
ឃុំឃាំង,18,15
សៀង,18,13
ចរក,18,18
រអៀស,18,14
អវសានប្បញ្ញត្តិ,18,15
ផ្ដួល,18,17
គ្រលែង,18,14
មួន,18,12
ស្រាពណ៍,18,16
ប្រលង់,18,16
ទ្រហឹង,18,17
កន្ត្រោង,18,7
ស្វ័យប្រវត្តិកម្ម,18,16
ឡាវ,18,14
ស្បង់,18,14
ទឹកដី,18,15
រំពេ,18,9
វក់វី,18,18
ចិញ្ចាច,18,12
ប្រតិភាណ,18,16
ពពក,18,17
វាទ,18,15
អន្ទង,18,15
ច្បិច,18,17
ហិន,18,17
មជ្ឈត្តករ,18,15
ប្រទាល,18,14
យោគ,18,16
កួយ,18,17
រាជរថ,18,11
ល្អន់,18,14
វាក្យខណ្ឌ,18,16
បរធនបាល,18,14
លើង,18,14
សំភី,18,15
ពំនាក់,18,17
លឿង,18,13
ជ្រក់,18,16
មួហ្មង,18,17
ក្រា,18,17
ស្រមោច,18,15
ឆោម,18,15
ភូមិគ្រឹះ,18,11
បោះឆ្នោត,18,11
រាជិនី,18,10
អថិរភាព,18,15
អនាថ,18,17
អាស្រម,18,17
លលាម,18,13
ជនអន្តោប្រវេសន៍,18,16
ក្មេក,18,13
អង្គធាតុ,18,13
មុខវិជ្ជា,18,18
សូរ្យកាន្ត,18,13
រៀល,18,16
ផ្សះ,18,17
អរហន្ត,18,18
ឥន្ធន,18,17
ខ្មី,18,16
និល,18,10
តុសិត,18,14
ឆ្កៀល,18,15
ងីងើ,18,13
កន្ត្រង,18,15
និម្មាបនិក,18,7
ខ្ញាល់,18,17
ស្រវាំង,18,16
ទួទៅ,18,13
ពន្លើស,18,12
ច្រឡឹង,18,12
រ៉ាំ,18,18
ពាណិជ,18,15
កណ្ដាញ់,18,6
អក្ខរជន,18,14
អំបុក,18,15
លំទោន,18,17
ឋានីយ,18,18
ស្មូត្រ,18,9
ស្គុស,18,15
ភ័ក,18,15
តក់ៗ,18,15
ទទឹង,18,16
ឧបការៈ,18,13
វេះ,18,18
ដៀង,18,11
ម្ង៉ៃ,18,12
ល្បាញ,18,16
សម្មត,18,14
អៀវ,18,17
សន្ធិយា,18,16
បាណកសត្វ,18,15
សក្យ,18,9
ក្រញាញ់,18,16
ទំនួញ,18,16
កូវ,18,16
ដំបូក,18,12
អឺយ,18,14
វិភព,18,6
រំទំ,18,16
កុលសម្ព័ន្ធ,18,17
និរភ័យ,18,15
កំណែទម្រង់,18,17
គិល,18,14
សស្ត្រា,18,18
ជ្រោះ,17,15
មីរ,17,10
ខ្លប,17,16
បោយ,17,14
នាច,17,13
ឆាវ,17,8
ទក្ខិណានុប្បទាន,17,13
តម្រាប់,17,16
រមួត,17,17
សេត,17,15
ឧទុម្ពរ,17,8
ដង្ហើម,17,16
អឺងកង,17,7
គេហកិច្ច,17,14
ពិចិត្រ,17,16
ធ្នាប់,17,10
មិច្ឆា,17,16
សទ្ធម្ម,17,12
ទន្ទ្រានខេត្ត,17,15
ព្រែ,17,15
ការ៉ូ,17,16
អនុព័ន្ធ,17,13
ភត្ត,17,16
ដុំកំភួន,17,5
ប្រឡង់,17,11
អតិថិ,17,16
ឡាំប៉ា,17,13
បុញ្ញ,17,17
ត្រឡោក,17,17
ជ្រាល,17,14
ឧបទ្វីប,17,16
ឆ្កឹង,17,10
បាដាង,17,13
សាមសិប,17,15
ការប្រាក់,17,15
បំបែក,17,14
លម្ហើយ,17,15
សណ្ដោង,17,12
ពោះម៉ាយ,17,14
ចក្រពត្តិនិយម,17,12
ភ្នំពេញ,17,12
នរោត្តម,17,15
លោម,17,14
ខ្ទុះ,17,11
ឡង់,17,12
អញ្ជលី,17,14
ចំអន់,17,12
ឆឹង,17,14
ព្រួញ,17,14
ហែក,17,16
ទម្រេត,17,11
ដិតដល់,17,14
សម្រក់,17,15
ពូក,17,17
យុវតី,17,16
ប្រកា,17,17
ប្រល័យពូជសាសន៍,17,16
លលា,17,15
វ៉ី,17,13
ច្រោក,17,15
ជ្រីវជ្រួញ,17,12
សមណសក្ដិ,17,15
គ្រូឧទ្ទេស,17,16
ងើប,17,17
ជ្រងោ,17,9
ទូលព្រះបង្គំ,17,13
លម្អាន,17,11
មត្តេយ្យសិក្សា,17,15
ក្សាន្ត,17,13
កាន់តែ,17,16
ទឹកអម្រឹត,17,11
សមតា,17,11
មាលតី,17,14
ទុក្ខំ,17,13
ប្លាយ,17,14
ប៊័រ,17,12
ភុជង្គ,17,16
កម្ពុជ,17,15
បន្លែង,17,15
អភិធម្ម,17,16
កំណត់ត្រា,17,14
អៀនខ្មាស,17,15
គណនា,17,16
អនាគតិ,17,8
ច្បាំង,17,15
ជេស្ឋ,17,15
ថៅកែ,17,14
ផេះ,17,13
ទែន,17,11
អនិច្ច,17,16
បញ្ញត្តិកម្ម,17,15
អាំង,17,14
ពពួក,17,16
កញ្ឆា,17,13
សាឡុង,17,14
ភូមិភាគ,17,16
កន្ថោរ,17,16
សួយ,17,15
អង់តែន,17,13
អាទិករ,17,10
អសុភ,17,15
សម្បូរណ៍,17,10
រួចរាល់,17,17
ប្រគាប,17,15
លន្លោច,17,14
ក្រវាន់,17,9
កន្ទួត,17,12
វាច,17,17
កាឡា,17,15
អេកូឡូស៊ី,17,14
បង្ហូត,17,15
អូស្ត្រាលី,17,8
ឆ្លងកាត់,17,11
កុមារភាព,17,16
គ្រងរាជ្យ,17,13
តំណឹង,17,15
ទុយ៌ស,17,15
អង្ក,17,16
ត្រមោច,17,16
អាសន្នរោគ,17,15
បុស្សរថ,17,14
ស្រេប,17,11
ប្រវេសន៍,17,11
អារម្ភ,17,15
បុរេប្រវត្តិ,17,15
ពិសាខ,17,16
ស្បើយ,17,16
ឋិតិភាព,17,8
ជីវប្រវត្តិ,17,12
ពើត,17,15
បន្ទំ,17,13
ហាប់,17,11
អស្មិ,17,14
ល្អាន,17,12
ផ្គង,17,14
ឆាយា,17,16
សូក,17,16
អន្តេវាសិក,17,15
លំហើយ,17,13
ដាស,17,16
សោតា,17,14
ផ្ចាញ់,17,13
ញញួរ,17,13
មរដក,17,14
ភាពយន្ត,17,13
ប្រវា,17,12
ដៀមដាម,17,14
ពំនោល,17,16
ទាយិកា,17,14
មជ្ឈត្តការ,17,12
ចំហាយ,17,14
ប្រអប់,17,15
ខ្ចាត់,17,11
សារាយ,17,10
សស្រាក់សស្រាំ,17,15
ភោជនីយាហារ,17,13
លលក,17,15
តទល់,17,15
ឧប្បត្តិ,17,16
ទន្សាយ,17,16
ឆ្នូត,17,13
គ្រុប,17,13
សងសឹក,17,13
ជិតដិត,17,13
ស្ញែង,17,11
ឋបនីយភណ្ឌ,17,13
ទសជាតក,17,12
ត្រែះ,17,14
លុក,17,14
ជំទង់,17,16
និគម,17,15
អដ្ឋិ,17,14
អច្ច័យទាន,17,13
ប្លោក,17,16
ញាស់,17,17
រលេញ,17,16
ថាវរៈ,17,16
បតិ,17,16
ក្រួច,17,13
កន្ទប,17,13
តុល,17,15
អប្បជនាធិបតេយ្យ,17,15
ក្សេត្រ,17,14
រៀវ,17,11
ពិមាន,17,16
អានិសង្ស,17,17
ខ្លាញ់,16,14
ម៉ោង,16,15
ចាកចេញ,16,13
កាកី,16,15
ខែត្រ,16,14
ទន្លេសាប,16,13
បណ្ដៅ,16,14
នីតិភាព,16,14
ស្ពៃ,16,15
រតនសម្បត្តិ,16,13
អត្តាធីនភាព,16,12
វាយប្រហារ,16,14
ក្រញង់,16,12
សិល្បសាស្ត្រ,16,14
ឱសានវាទ,16,14
នោម,16,13
ព្រល,16,16
រំហួត,16,6
សាវ,16,15
រលាក់,16,15
ក្រោះ,16,14
ជញ្ជ្រាំង,16,9
វីរុស,16,13
តឹក,16,14
គ្រាន់,16,14
សម្ទាយ,16,12
គ្នេរ,16,13
រៀមច្បង,16,14
ចរិតលក្ខណៈ,16,13
ស្នួ,16,15
ចំណាកស្រុក,16,16
កំណល់,16,16
ក្រហាយ,16,12
មេកានិក,16,14
ហ្វ្រ័ង,16,8
ធារ,16,13
កៀកកិត,16,11
រឹម,16,14
តម្រេក,16,13
គ្រុម,16,16
ហោរាសាស្ត្រ,16,13
ដាវ,16,14
ពស្ត្រ,16,11
អាគតដ្ឋាន,16,10
ចតុម្មុខ,16,13
ស្ដេចត្រាញ់,16,13
របឹង,16,12
ពាង,16,12
ទួត,16,13
អ័រម៉ូន,16,12
បច្ឆិម,16,14
អញ្ញមញ្ញ,16,11
ឆេះ,16,13
តម្អូញ,16,11
អំបាញ់មិញ,16,12
ត្រចង់,16,16
ខ្វេះ,16,14
ឥស្សរៈ,16,14
ឧភយោរាជ,16,14
ស្មូម,16,15
ល្មឿយ,16,11
បោះពួយ,16,14
ចាស់ទុំ,16,15
ត្រសង,16,10
រលុប,16,14
រលស់,16,11
រុកកួន,16,12
ក្ដាប់,16,14
កញ្ឆែត,16,10
ច្រំដែល,16,14
ពន្លះ,16,12
ស្រេះ,16,10
ស្បែកជើង,16,13
បព្វជ្ជា,16,15
ផ្សើម,16,11
ពិរុណ,16,15
វីវរ,16,13
សឺរ៉ាំង,16,14
ជ្រលង,16,13
ខ្វាក,16,11
ឆើត,16,14
ស្រពន់,16,15
ឍាល,16,15
អេក្រង់,16,14
អញ្ញត្រកម្ម,16,13
អន្លាយ,16,13
នត្តា,16,12
ស្លុប,16,6
អត្តា,16,12
ល្វែង,16,15
កោលាហល,16,14
ភាយ,16,15
រាពណ៍,16,10
ព្រេងកថា,16,12
ចម្កួត,16,12
រសាប់រសល់,16,13
ជំនិត,16,15
សាសព្ទ,16,13
ដោត,16,12
ស្របាល,16,16
លោកុត្តរ,16,13
ផុង,16,13
ក្រសោប,16,14
ឯកសិទ្ធិ,16,14
សណ្ដ,16,14
ស្នួល,16,12
ចន្លុះ,16,14
ទ្រា,16,13
គ្រាន់តែ,16,13
សាឡាត់,16,14
ច្រឡើសបើស,16,13
ប្រព្រឹត្តិការណ៍,16,15
ផ្លូវលំ,16,11
ព្រោង,16,14
កាកបាទ,16,13
បូជាយញ្ញ,16,13
គគុក,16,12
ល្ងីល្ងើ,16,13
សទ្ទ,16,13
ពពុះ,16,11
លៀម,16,12
សំបួរ,16,12
បង្កក់,16,16
លិបិក្រម,16,10
មោហ៍,16,9
បាយ័ន,16,13
ជ្រួល,16,15
ទាំងពួង,16,13
ជម្ពូនុទ,16,13
ដូស,16,11
ស្អំ,16,11
មីញ៉ូប,16,11
កុប,16,15
កណ្ដៀត,16,12
មូលី,16,11
ច្រមក់,16,12
ធ្យាន,16,10
ពិការភាព,16,14
តើយ,16,12
ភាសិត,16,15
ក្រិត,16,16
ននោង,16,12
បង្កាន់ដៃ,16,15
បន្ទុំ,16,11
រហាម,16,14
បណ្ដែត,16,15
សមិទ្ធិលទ្ធភាព,16,14
សង្កៀត,16,9
មរណ៍,16,15
និបាតសព្ទ,16,12
លាត់,16,14
ប្រលូក,16,13
កណ្ដុក,16,9
បរិសុទ្ធិ,16,15
ស៊ុន,16,14
វិការដ្ឋាន,16,11
កៀស,16,13
ជីវ៉ា,16,14
ស្រូវសាលី,16,13
និទណ្ឌភាព,16,16
ហ៊ឹម,16,13
ង៉ែង៉រ,16,9
ខ្មាន់,16,12
ចលនវត្ថុ,16,9
កំណាន់,16,15
កញ្ចាំង,16,13
ព្រៃស្ដុក,16,13
ក្ងាន,16,13
ក្សត្រី,16,16
គំរោះ,16,13
ទ្វី,16,14
ស្ញេញ,16,11
សង្គ្រាជ,16,13
ជួនកាល,16,13
ឧរង្គសត្វ,16,14
ប្លោង,16,13
ទេពអប្សរ,16,13
កែង,16,15
សន្ទូច,16,8
ខកខាន,16,15
សង្សារវដ្ដ,16,11
រដ្ឋការ,16,9
ក្រឡាបញ្ជី,16,13
ធាក់,15,12
បង្អៅ,15,14
សុខាភិបាល,15,13
ភីលៀង,15,15
ហ៊ី,15,14
រុញ,15,13
ទទា,15,14
ថាំង,15,14
ស្ថានទូត,15,11
ស្កក,15,12
ស្រន់,15,13
ប្រវាស់,15,14
បង្អោន,15,13
ក្រាល,15,11
បុល,15,12
សុមេរុ,15,11
ប្រតាក,15,10
សាលី,15,13
គីង្គក់,15,10
នត្ថិភាព,15,14
ជីពចរ,15,13
បរិហារកេរ្តិ៍,15,14
សិទ្ធត្ថ,15,11
អំពូល,15,14
ចេតសិក,15,9
ឧសុម,15,14
បត់ជើង,15,12
កន្ធាត់,15,11
ឧបរាជ,15,13
សង្គ្រាមត្រជាក់,15,9
អព្ភន្តរ,15,13
ស្ទូង,15,15
កាយវប្បកម្ម,15,11
ស្ទក់,15,11
អាសិរពិស,15,8
ផ្ទាល,15,11
នក្ខត្ត,15,11
ប្រតិស្ឋ,15,12
សង្រែក,15,12
អហោ,15,15
ភូមា,15,11
ផើង,15,13
ស្អុយ,15,13
ស្គុះ,15,13
កន្សោម,15,15
អត្តខាត់,15,14
ឆែវ,15,5
ថ្នាំង,15,15
នាទី,15,9
ទ្វេភាគី,15,14
ចេចចាច,15,13
រ៉ូប,15,12
កញ្ជ្រឹល,15,13
សូធ្យ,15,14
សៀមរាប,15,9
អង្ស័ក,15,13
សាយភាយ,15,14
បន្ទាល់,15,13
សេវ,15,15
បង្គួរ,15,12
ឃ្លុប,15,14
ល្វឹង,15,13
បង្អាក់,15,13
អាជានេយ្យ,15,12
មន្ត្រ,15,14
របារ,15,13
តម្លង់,15,10
ទ្រុង,15,12
ងងុយ,15,14
ថ្កុំ,15,11
ណែងណង,15,13
កំប៉ិកកំប៉ុក,15,7
អនីត្យានុកូល,15,13
ស្ញើប,15,11
ទុតិយិកា,15,7
សរទរដូវ,15,13
កំហាប់,15,13
ស្ដោះ,15,12
សម្រួច,15,15
អត្តសញ្ញាណបត្រ,15,12
សត្តឃាតដ្ឋាន,15,7
អល់អែក,15,13
រំភើយ,15,13
ហិរិ,15,11
ទេពធីតា,15,13
សំពោង,15,14
ត្រដិត,15,10
អសង្ខេយ្យ,15,9
ត្មាត,15,11
ប្រចៀវ,15,15
សុធីរ,15,6
កាត់កង,15,11
មមោក,15,9
ភមរ,15,15
នុយ,15,14
មហាក្សត្រី,15,11
សំរឹទ្ធិ,15,12
ចលនទ្រព្យ,15,11
សម្បូណ៌,15,14
តំណិះ,15,9
មធូរ,15,13
សម្ទារ,15,12
ជជុះ,15,14
វាន់,15,13
រវើក,15,13
តាង,15,15
ហិតូបត្ថម្ភកៈ,15,10
ស្រឹប,15,13
ស្រើបស្រាល,15,11
ស្ទុង,15,13
អានន្ទ,15,14
លាស,15,11
លោហ,15,15
ធ្មៃ,15,12
អស្វ,15,15
រដ្ឋាករ,15,14
ចំទង់,15,13
ស្មៅ,15,15
ម្ញ៉ិកម្ញ៉ក់,15,9
ស្រៀវស្រាញ,15,14
ផ្ទាត់,15,14
ឆវី,15,13
ទន្លាប់,15,13
រានហាល,15,15
ស្ដួច,15,12
របោយ,15,14
ភាគលាភ,15,14
ក្រសាល,15,15
ស្ទា,15,14
កាតាឡុក,15,13
កេតុ,15,12
រង្វើល,15,13
ជីប,15,13
សញ្ញាបណ្ណ,15,12
ក្រញាំ,15,12
រដឹក,15,10
បណ្ណារក្ស,15,13
ពិស្ណុ,15,11
ផ្ទាប់,15,13
សុខចិត្ត,15,13
ក្រវែល,15,12
បន្ទាត់,15,12
គូលី,15,13
បន្តបន្ទាប់,15,14
អាជ្ញាកណ្ដាល,15,15
នាដក,15,9
ទម្លាយ,15,14
ត្រដាង,15,14
ឆាត,15,14
ឯកឯង,15,14
មាក់ប្រាង,15,12
ឆែកឆេរ,15,14
ឃ្លាំមើល,15,14
ត្លុក,15,13
ប្រសូតិ,15,10
អ៊ីណុក,15,12
ចារបុរស,15,12
ដង្គោល,15,12
ស្អេក,15,7
អាណោចអាធ័ម,15,12
អាជ្ញាយុកាល,15,14
ពៀច,15,13
អ្នកងារ,15,11
ទេវិន្ទ,15,11
ក្រូច,15,15
កែម,15,13
ព្រះស្ដែង,15,14
សព្វវចនាធិប្បាយ,15,13
អង្គ្រង,15,14
របើក,15,10
ប្រាកដជា,15,10
ប្លាត,15,13
ហ៊ា,15,14
អនុសិដ្ឋ,15,10
លាក,15,13
ស្មូន,15,12
គ្រាំគ្រា,15,12
លាំង,15,9
រជ្ជទេយ្យ,15,12
ច្រៀង,15,15
ពិសម័យ,15,8
ល្បិចចៅក្រម,15,10
អាណោច,15,11
សេដា,15,13
ល្បួង,15,11
រដ្ឋលេខាធិការ,15,15
រាជក្រឹត្យ,15,14
មជ្ឈត្តកម្ម,15,14
វិភត្តិ,15,14
អសោចិ៍,15,12
ចតុរង្គ,15,14
រអាង,15,12
កិន្នរី,15,13
សុន្ទរី,15,6
បែងចែក,15,13
បន្លាយ,15,14
ថប់,15,13
មេម៉ាយ,15,14
ហោង,15,15
ផ្ទប់,15,14
ឡែៗ,15,5
អង់,15,13
ប៉ប្រិម,15,14
សង្គហៈ,15,13
ប្រកាច់,15,13
ផាសុកា,15,15
កុដុម្ពិកៈ,15,13
ឡូត៍,15,14
ឥណ្ឌា,14,12
អាណោចអាធម្ម,14,9
វត្ស,14,13
សួស្តិ៍,14,12
ទំនាយ,14,10
បរិយត្តិ,14,14
ស្មរ,14,11
ជង្ហុក,14,14
ចម្រុង,14,13
ប្រទេច,14,12
ឆ្អាប,14,10
សន្សើម,14,12
រម្សាយ,14,12
សេន,14,13
ទាល,14,11
និទានកថា,14,11
ស្អាតបាត,14,12
ឌឿងហែម,14,8
រ៉ង,14,9
ម៉ូទ័រ,14,13
ជនពិការ,14,13
តិះដៀល,14,13
ថេរៈ,14,14
បង្អូស,14,13
តបត,14,13
ព្រឹទ្ធា,14,12
ល្វាសល្វន់,14,13
ដែកកេះ,14,14
រាជវាំង,14,12
ភូមិករ,14,10
ប្អូន,14,14
សម្រូត,14,9
ពភ្លក់,14,7
ភ្លុក,14,14
ច្បា,14,13
សាមន្តរដ្ឋ,14,11
ស្មេ,14,12
យោក,14,13
សង្វាស,14,13
សព្ទសាធុការពរ,14,12
រាគៈ,14,10
ទោង,14,14
ហូល,14,13
ចាងហ្វាង,14,10
ដាប់,14,13
កាត់ដេរ,14,13
ទន្ត្រំ,14,14
ចំទាស់,14,11
ប៉ោឡែ,14,12
នទី,14,13
វង្សា,14,12
បណ្ដាច់,14,11
ប្រជានុរាស្ត្រ,14,13
បុះ,14,12
កន្លើត,14,11
ក្រវាត់ក,14,10
សង្គមធម៌,14,13
បញ្ជីសារពើភណ្ឌ,14,12
សម្រាលកូន,14,12
ប៉ុស្តិ៍ត្រួតពិនិត្យ,14,9
អគ្គិសនីវិភាគ,14,14
ក្រឡេច,14,12
បូម,14,12
បញ្ជាន់,14,12
ផ្អាប់,14,7
សុទ្ធសឹងតែ,14,9
ផ្ដួច,14,14
ក្រឳ,14,12
អនុបណ្ឌិត,14,11
ប្រពាយ,14,11
ព្រលះ,14,10
តម្លោះ,14,14
លីង,14,13
ប្រូតេអ៊ីន,14,10
អន្ធិកា,14,12
ផ្សឹក,14,12
ទីស្នាក់ការ,14,14
ស្គាយ,14,10
រមូរ,14,14
ស្វាង,14,14
ថិរភាព,14,13
សិរិ,14,12
ក្ដុក,14,13
អាស៊ីត,14,13
ប៉ិត,14,11
ត្បាល់,14,11
កួត,14,8
ថ្កល់,14,11
ទំពាំងបាយជូរ,14,12
ក្រឡង់,14,8
អនុវិទ្យាល័យ,14,14
រំដួល,14,12
សាញ,14,12
សម្លេះ,14,10
កម្លាច,14,11
ណែនណាន់,14,10
សយនា,14,12
ជ្រែង,14,13
រុយ,14,13
ពែង,14,11
ទេវៈ,14,12
វរៈ,14,12
សង្គាយនា,14,13
តែលតោល,14,14
គ្រោះថ្នាក់ការងារ,14,13
រាងរៅ,14,10
កំសួល,14,14
ភ្លៅ,14,13
ទស្សនវិទូ,14,11
អម្បោស,14,12
លោភោ,14,7
រាជាធិបតេយ្យ,14,11
រាត់រាយ,14,12
ដុះដាល,14,14
សម្រក,14,13
គ្រាស,14,13
លហុ,14,13
កន្តាំង,14,10
ឧរា,14,12
បុរិមា,14,11
ផាត់ជាយ,14,11
សោមាន,14,10
រូបមន្ត,14,12
អស្ដា,14,10
ផ្កាឈូក,14,12
ស្នាល,14,12
ងោក,14,12
សហកម្មសិទ្ធិ,14,11
ឃាំង,14,11
សមូហភាវូបនីយកម្ម,14,11
ឥណប្រតិទាន,14,13
វារិ,14,13
តុង,14,14
អន្តាយ,14,10
សាវ័ក,14,11
ជាយា,14,12
ច្រម,14,11
បរិសិដ្ឋ,14,8
ជនភៀសខ្លួន,14,13
អមនុស្សធម៌,14,12
បំបួស,14,13
មុក្ដា,14,12
ចិន្តាមណី,14,6
ស្អី,14,9
ប៉ោម,14,13
មជ្ឈត្តវិនិច្ឆ័យ,14,10
ឃរាវាស,14,13
ខោក,14,9
ស្បាន់,14,9
យល់សប្ន,14,12
ក្រឡឹង,14,12
ជម្លើយ,14,7
អេះអុញ,14,12
ត្រចៀកកាំ,14,10
មហោឡារិក,14,13
ស្រោប,14,12
សណ្ដាន់,14,11
ថ្នេរ,14,9
ទម្រន់,14,12
ព្រួត,14,11
ញេច,14,10
កកោះ,14,8
កណ្ដៀវ,14,11
ត្មោង,14,10
អាក់ខាន,14,13
ក្រហែង,14,7
ច្រៀក,14,12
វើត,14,10
វ៉ល់,14,12
ស្នងការ,14,12
គោត្ត,14,12
តាំងយូ,14,12
ពហុវចនៈ,14,10
ឆន្ទា,14,12
កិរ្តិ៍,14,13
ល្អី,14,14
សញ្ជាត,14,14
ដូចជា,14,13
កក្រោះ,14,13
ឈ្លើង,14,12
តថរស,14,10
ថ្លឹង,14,11
បាក់ស្បាត,14,12
យែក,14,6
ឱង្ការ,14,13
ឧសភ,14,13
ស្រមក,14,11
ប្រដេញ,14,13
ស្រេក,14,12
ភ្លាំង,14,12
លូត,14,13
ចត់,14,13
ឋានលេខា,14,6
ឥន្ទ្រីយ៍,14,10
រហឹម,14,9
បុត្រី,14,14
ចូក,14,13
អនុសារ,14,11
ជំទប់,14,9
ដង្កាប់,14,13
ចំណាប់អារម្មណ៍,14,13
ទន្តពេទ្យ,14,9
ប្រយែង,14,11
មហោរី,14,11
បាក់ឌុប,14,13
ភួយ,14,14
ចេរ,14,11
ជំពប់,14,10
គំរូតាង,14,9
ប្រថុច,14,13
គន្លាស់,14,12
ក្រោល,14,9
បបោស,14,12
វេជ្ជបញ្ជា,14,12
ខ័ឌ្គ,14,10
អាណានិគមនិយម,14,12
ថាំ,14,9
ព័ណ៌នា,14,14
ប្រដា,14,13
ប្រាំង,14,14
សុភ័គ,14,10
មេអណ្ដើក,14,5
បង្រួញ,14,10
រយ៉ា,14,11
ក្រចាប់,14,11
បារាំង,14,13
ឧត្តមសេនីយ៍ទោ,13,11
ឆ្នោត,13,12
អនុមានរួម,13,9
វឹប,13,8
ផ្ចាល,13,9
ព្រលានយន្តហោះ,13,11
បូស,13,10
ប្រិប,13,11
សង្គហទាន,13,11
កុងតាក់,13,10
គូលែន,13,10
ត្បៀត,13,12
វឹក,13,12
ហួងហែង,13,12
សហប្រាណ,13,7
លំអុត,13,12
ទំយើ,13,11
កុយ,13,12
ខ្មឺត,13,11
អធិករណៈ,13,9
ជ្រឹង,13,9
ធ្មប់,13,12
អរិយជន,13,10
អយ្យកា,13,12
រង៉ូវ,13,9
បង្គុយ,13,9
ប៉ូវថៅ,13,9
ផងដែរ,13,12
អណ្ដឺតអណ្ដក,13,10
តៃកុង,13,10
ទ្រមាក់,13,9
ជៀស្ឋជ័យ,13,5
បន្ទោះ,13,11
រហង់,13,8
ជន្លង់,13,10
ផែនទី,13,12
ឯកវប្បកម្ម,13,12
មហាត,13,10
ទិសា,13,12
ឪឡឹក,13,11
អត្ថានុរូប,13,10
ចំហេះ,13,10
ភត្តាហារ,13,12
រាជកិច្ច,13,10
ខ្ទ័រ,13,11
មឹក,13,11
ស្តូប,13,12
ដដែលៗ,13,10
ឧគ្ឃោសនា,13,9
សិទ្ធិមនុស្ស,13,11
សាវក,13,10
នរេន្ទ្រ,13,5
អរក្ខកម្ម,13,11
លាជ,13,10
ស័ត្យ,13,11
កន្លោង,13,8
សមាហរ័ណ,13,7
ទាន់ហន់,13,13
ម្នាស់,13,13
បាត់ដំបង,13,6
ចណ្ឌាល,13,11
ខាតបង់,13,12
ធនាគារិក,13,11
ឆ្វាច,13,10
គ្រញេច,13,10
ដីស,13,9
បរិយោសាន,13,12
ទោះបីជា,13,8
ក្ងោក,13,12
ប៉ែ,13,10
ម៉ូឌុល,13,13
យ៉ាប,13,12
រូបឆោម,13,12
បសុបក្សី,13,12
រចល់,13,10
ភស្ត្រា,13,12
ធ្មួល,13,8
ទេសន៍,13,13
ជួញ,13,8
រំដេង,13,13
ទន្តបណ្ឌិត,13,12
សម្ភោគ,13,9
ទឹកមូត្រ,13,12
សំខ្យា,13,12
សន្ធិ,13,12
បរិត្តផរណា,13,7
និចលភាព,13,11
កាបូន,13,12
ជញ្ជ្រំ,13,10
ក្ដួល,13,12
សម្រាស់,13,11
គាវ,13,11
ទារិកា,13,13
ទុតិយាសាឍ,13,10
តូប,13,12
អុរ,13,12
មេខ្យល់,13,9
ឆៀប,13,7
ឱសថស្ថាន,13,13
បង្ឃាំង,13,12
តិះ,13,11
ទ្រាន់,13,10
កង្វេរ,13,10
អថ៌,13,12
សមយុទ្ធ,13,13
ក្បៀស,13,13
ស្រិល,13,11
អញ្ញត្រសព្ទ,13,9
កំសាកញី,13,12
បុនសម័យ,13,12
ថ្នោល,13,11
ស្លោ,13,7
ឌឺដង,13,11
អង្រុត,13,12
អាវាសែ,13,12
កែខៃ,13,12
តភ្ជាប់,13,13
ប្រាប,13,13
វាស្នា,13,13
ផោម,13,13
ស៊ាន,13,6
គម្រោងការ,13,9
សាសនិក,13,11
ឆ្លា,13,13
បបូរ,13,11
ចម្រាញ,13,11
ស្លោក,13,13
ល្វា,13,9
សត្រា,13,13
ជ្រួញ,13,8
គួង,13,10
ចំតិត,13,9
ទឹកភ្នែក,13,11
វិជ្ឈមាត្រ,13,7
កក្លាក់,13,8
សង្ឃរា,13,13
ហុកសិប,13,13
អព្យាក្រឹតភាព,13,13
អមិត្ត,13,13
សុខាវតី,13,6
ទន្ទិញ,13,13
វិសិដ្ឋកម្ម,13,11
សាដៀវ,13,12
ក្រៀមក្រោះ,13,10
អាចរិយ,13,8
ឆាង,13,12
ក្ទម្ពទេស,13,10
សំរឹទ្ធី,13,7
ឆៃថាវ,13,12
ថ្កោល,13,11
ចរិយាសាស្ត្រ,13,13
ខ្ជាយ,13,9
មោរ៉ា,13,12
អន្ធ,13,13
ក្លង,13,11
សំបូងសង្រូង,13,8
បណ្ណកម្មសិទ្ធិ,13,9
អាចារ,13,12
ការ៉ុត,13,11
សុក្ក,13,11
ចុះបញ្ជី,13,7
មហាផ្ទៃ,13,11
ស្បូន,13,11
ត្រាំ,13,11
ច្រូង,13,11
ភ្លឹប,13,13
បន្ទុះ,13,12
ក្រមិចក្រមើម,13,10
ភោគៈ,13,12
ភ្លី,13,11
ភឹប,13,6
ប៉ែល,13,12
វត្ថុតាង,13,12
ពង្រួម,13,11
សទិសសូរ,13,13
តម្រងនោម,13,13
ពន្លាត,13,9
មាតុគ្រាម,13,11
ភូមិបាល,13,13
ចុករួយ,13,12
មេខ្លោង,13,9
បាណាតិបាត,13,12
ឆ្នាំង,13,10
ភាគរយ,13,13
ម្នាងសិលា,13,12
ក្រអូម,13,11
ក្រឡាច់,13,11
ជនក,13,10
មៀង,13,11
ដាម,13,11
វិស្សម,13,12
កីឡាដ្ឋាន,13,12
រំញ័រ,13,11
បុត្តភាព,13,9
ក្លិង្គ,13,12
ក្ដាន់,13,12
ខ្សែបូ,13,12
មហាយាន,13,13
បំបង់,13,6
និរោធ,13,12
ជួង,13,12
ស្រោចស្រង់,13,12
លើកទឹកចិត្ត,13,10
ភិន,13,12
ព័ត៌មានកាល,13,13
អនីតិសង្វាស,13,8
ដោល,13,10
ស្លុយ,13,11
អស្សាមិករណ៍,13,13
បំបោល,13,12
ប្រមុំ,13,11
មន្តី,13,10
ឆ្លឺម,13,10
ធ្មុង,13,6
អរិយៈ,13,10
សិល្បការ្យ,13,11
រូស,13,9
ស្រងល់,13,10
ជញ្ជាត់,13,12
ក្ដារឆ្នួន,13,10
សំណែន,13,12
សមណៈ,13,12
ខ្ទះ,13,13
ក្លែប,13,13
បង្កាត់,13,13
សុធី,13,7
អភ័ព្យ,13,12
ជំនាង,13,9
កើន,13,13
ល័ខ,13,12
ល្ហើយ,13,10
ញាតិពន្ធ,13,13
ក្រវិល,13,12
ឍុណ្ឍិ,13,7
ស្រុង,13,10
ខ្សាវ,13,12
ឡប់ឡែ,13,9
រជ្ជទាយាទ,12,10
ភក្សាហារ,12,11
រអ៊ូរទាំ,12,10
ចាល,12,12
ត្រឡាន់,12,9
ល្បុក្កតោ,12,12
ប្រេងកាត,12,11
អយុធ្យា,12,10
ជ្រួត,12,10
បុព្វេសន្និវាស,12,9
ប្រញឹក,12,9
ព្រាក,12,9
ខ្ជាក,12,8
កែស,12,10
បញ្ចើច,12,10
ភ្ងា,12,12
រឡូ,12,9
សំណេះ,12,11
កុម្មុយនីស្តនិយម,12,12
ស្រាត,12,8
សេកកិច្ច,12,12
ថ្កាន,12,10
ស្ថាបនៈ,12,11
ក្លំ,12,9
ត្រងោល,12,10
ចតុប្បច្ច័យ,12,10
សម្ពន្ធភាព,12,12
ប្រមុម,12,10
ចាវ,12,7
គោយន្ត,12,11
ផ្កាចន្ទន៍,12,9
ហោជាង,12,9
ទីលំនៅ,12,11
ត្រដាបត្រដួស,12,6
ពពារ,12,12
ហើប,12,11
ពិល,12,11
កំប្លោក,12,10
រមាំង,12,11
តឹងតែង,12,11
ពន្លាត់,12,9
ខ្ទឹម,12,8
ចេត្រ,12,8
លូកដៃ,12,9
ក្លុំ,12,9
អង្ស,12,11
អង្កុញ,12,11
ទ្រើង,12,11
អតិថិតា,12,10
ក្បាក់,12,11
បែបផែន,12,9
មក៍,12,8
ប្រតិវេទ,12,12
អម្រ,12,12
ធនិន,12,8
ផ្សែង,12,12
វិសុទ្ធិ,12,10
ឆ្ងើយ,12,10
ទន្លាក់,12,11
ពំនូក,12,12
របកគំហើញ,12,12
ស្គម,12,11
ស្វាក់,12,10
សាជី,12,10
ចំបាប់,12,11
ឌុន,12,6
ទាក់ទើរ,12,8
ក្រពះ,12,12
ស្រូត,12,10
គុណសម្បទា,12,10
មតក,12,9
លក្សណ៍,12,5
វិហា,12,11
កតវេទី,12,10
កច្ចាយនូបត្ថម្ភកៈ,12,11
ចង្កាក់,12,12
ជឿន,12,11
ឡកឡាយ,12,10
យ៉ាអួ,12,8
ឃាន,12,11
ការុង,12,10
ទ្រមក់,12,11
ស្រស,12,10
ក្លាយជា,12,10
ខ្ញែរ,12,10
សុមេធា,12,11
កញ្ឆក់,12,12
ទឹង,12,10
ចុះសម្រុង,12,12
វាយភណ្ឌ,12,12
អេដស៍,12,10
រាល,12,12
ស្រោច,12,12
ប៉ប្រះ,12,10
អាភៀន,12,11
សាកវប្បកម្ម,12,10
វត្ថុបំណង,12,10
ដំបែ,12,8
ផ្គួប,12,9
ភានុ,12,11
ហិច,12,11
បរិភាស,12,9
ទទូរ,12,12
នាលិ,12,10
ស៊ីទែន,12,9
ល្បាយ,12,11
តើន,12,11
រលង,12,6
ស្ពក,12,10
ចិក,12,10
យោជន៍,12,12
ប្រមុខរដ្ឋ,12,10
មមាយ,12,10
ថ្មោង,12,10
គាត,12,9
ឃ្នាង,12,11
ហាសរស,12,9
ហាត់ការ,12,9
លាញ,12,10
ផាស,12,12
បំភិត,12,9
ប្រច,12,12
អេកូវិទ្យា,12,12
សម្ពោធន៍,12,10
ចាមរី,12,7
គឹម,12,10
អង្កត់ផ្ចិត,12,5
សន្តិសហវិជ្ជមាន,12,12
របឹប,12,10
ពិសុទ្ធិ,12,10
ប្លែង,12,10
មេទ័ព,12,11
ខាន់ស្លា,12,12
ផ្ទុយ,12,12
ខ្មង,12,9
រនុក,12,9
ផ្ដែរ,12,12
ស្លែង,12,12
អប្បហារ,12,11
ឡាម,12,11
រមូល,12,10
អភិញ្ញា,12,10
បីបម,12,8
រាំវង់,12,9
សុខទុក្ខ,12,10
បង្រួប,12,8
ទ្រេតទ្រោត,12,12
ចុល្លព្រឹក្ស,12,7
រំហើយ,12,11
ថ្ង,12,12
ពហុកីឡដ្ឋាន,12,10
សុរិន្ទ,12,10
ព្រើល,12,10
ចៀម,12,12
កាលិក,12,8
ឮលាន់,12,6
ជ្រៃ,12,10
បដិវាទកម្ម,12,11
តាបស,12,12
អាកាសចរណ៍,12,12
ឧបមាន,12,10
ពុង,12,9
យឹតយោង,12,10
ជុតិមន្ត,12,12
រង្គោះ,12,8
រុះរោយ,12,10
ឃាត់ឃាំង,12,6
រោក,12,9
រាជសព្ទ,12,10
ក្រិស,12,10
ផ្អក,12,10
សំយុង,12,11
ផាមួង,12,9
បុរេប្រវត្តិសាស្រ្ត,12,9
ជិន,12,10
តប់,12,11
ក្អែល,12,9
កំនួច,12,12
ជ្រាយ,12,11
តេជោធាតុ,12,9
ទឹកស៊ីអ៊ីវ,12,12
ប្រមោយ,12,10
សាត្រា,12,12
គន្ថធុរៈ,12,10
ចំអាម,12,11
ស្លៀកពាក់,12,10
យន់,12,10
យ៉ាប់យ៉ឺន,12,10
កម្ញី,12,9
ឆេវ,12,11
អឺត,12,9
ហោរ,12,11
ស្តុតិ,12,5
ក្រុមប្រឹក្សាភិបាល,12,11
សុរភី,12,10
អន្តេ,12,9
ឈ្នួត,12,5
នាល,12,10
ស្ងាប,12,9
ធម្មយុត្តិកនិកាយ,12,10
សាមន្ត,12,9
គូព្រេង,12,11
ឧទក,12,10
ម្នាង,12,11
រម្ដោះ,12,9
ធរណិន្ទ,12,10
អយ្យក,12,7
មុខការ,12,10
ចម្អែត,12,10
តេជោពល,12,11
អវីចី,12,12
រម្លស់,12,11
ភ្លា,12,10
ព្យូហ៍,12,11
សមថ,12,10
សុវិជ្ជា,12,9
គែន,12,10
មធ្យមសិក្សា,12,11
មេក្រូ,12,10
ញ៉ែងញ៉ង,12,10
ស្រម៉,12,10
ឆ្វែល,12,10
មិគសិរ,12,11
ឧក្រឹដ្ឋ,12,12
អាសគ្រាម,12,11
ពែទ្យ,12,5
ជីដូន,12,11
តន្តិភាសា,12,8
អភិរម្យ,12,10
ពហុស្សូត,12,8
រហ៊ុម,12,12
ដើរតួ,12,11
ពាណិជ្ជការ,12,12
សម្បួរ,12,6
អូឡាំពិក,12,7
និទស្សន៍,12,10
ក្រៃពេក,12,10
ពញា,12,11
បទបង្ហាញ,12,9
សើយ,12,12
កម្រិតវប្បធម៌,12,7
គ្រែង,12,8
ស្រូវសាឡី,12,9
សាធ,12,12
ចម្រូត,12,9
ត្មះ,12,11
ល្អង,12,9
អាយតនៈ,12,10
ស្រឡៅ,12,12
វច្ចៈ,12,10
ឧមា,12,9
បាញ់ឆែវ,12,8
ទ្រាំទ្រ,12,11
នាមប័ណ្ណ,12,10
ឥស្សរិយ,12,10
អាណិកជន,12,10
លង្វែក,12,10
កុងតឺន័រ,12,11
ឆ្អឹងជំនីរ,12,12
ជ្រែ,12,10
នេន,12,9
ក្នក់,12,10
រដ្ឋធានី,12,9
ច្រែង,12,8
អសុទ្ធចិត្ត,12,8
ត្រុដ,12,11
ស៊ុបទ្រុប,12,12
កំហូច,12,12
ថេរភាព,12,10
បណ្ណាធិការ,12,11
អជ្ឈត្តិកទាន,12,10
បរិញ្ញបត្រ,12,10
ប្រវញ្ច,11,10
វ៉ាស,11,8
បង្កាច់,11,8
កម្មសិក្សាការី,11,9
ប្រាយ,11,10
មំសាសី,11,11
ស្ងាច,11,8
ប្រួត,11,10
យេស៊ូ,11,10
កែះ,11,9
ត្រសុំ,11,8
រុងរោចន៍,11,10
ដង្កោ,11,10
អាគារូបដ្ឋាន,11,10
ក្របួច,11,11
ផាហ៊ុម,11,11
ឧទេន,11,9
វិរុទ្ធ,11,11
ប្រចាក់,11,10
បញ្ជាប់,11,11
តក់ក្រហល់,11,9
ទីឃ,11,9
ឆស័ក,11,10
ដង្គុំ,11,7
ជុក,11,11
បរិញ្ញាបត្រជាន់ខ្ពស់,11,11
ស្រាង,11,11
អម្ពរ,11,11
បោរ,11,10
ឈែត,11,8
អាយតនិបាត,11,11
ឡិងឡង់,11,10
ឃ្លង់,11,10
វិសាខ,11,8
អណ្ដែតអណ្ដូង,11,9
កំព្រឹង,11,9
សំរង,11,10
វិបារូបន៍,11,7
បំបិទ,11,9
បបុស,11,10
ឧទានសព្ទ,11,11
ភូឈួយ,11,10
គោតម,11,8
ខ្ញាំ,11,9
ប្រដូច,11,10
សិប្បី,11,8
រូបសាស្ត្រ,11,10
រឺត,11,10
ញោស,11,8
តន្ត្រីករ,11,9
ដាច់ស្រយាល,11,9
ពិច័យ,11,10
មធុរស,11,8
ជនបរទេស,11,8
ផ្ទៃក្រឡា,11,9
ខិល,11,8
លូន,11,11
រំលំ,11,10
ខាំង,11,11
សហាវ,11,8
កំណត់ហេតុ,11,10
ខែង,11,10
វង្វាន់,11,10
មេមត់,11,11
យក្ខិនី,11,10
យុទ្ធនា,11,11
ក្ដោប,11,10
ញ៉ាម,11,8
ឆ្ពិន,11,7
ដាប,11,11
មន្ទីរពិសោធ,11,8
សណ្ដា,11,9
សន្ថវៈ,11,9
ហិណ្ឌូ,11,10
វេស្សន្តរ,11,10
កណ្ដោច,11,7
កន្តឹប,11,10
របោះ,11,10
កន្តរ៉,11,8
ចក្រពង្ស,11,7
ឧទ័យ,11,10
សមីការ,11,10
តំណាងរាស្ត្រ,11,10
បដិញាណ,11,9
ភិក្ខុនី,11,9
កៅទណ្ឌ,11,9
ច្រូតកាត់,11,7
សាមន្តរាជ,11,10
ខ្មូត,11,8
ទឹកភ្លៀង,11,9
អវកាស,11,11
អឌ្ឍ,11,11
ប្រឹស,11,11
ស្ទង,11,11
រលះរលាំង,11,7
ស្អក,11,9
អារញ្ញ,11,5
ស្ការ,11,10
កន្ទុំរុយ,11,10
សិនិទ្ធភាព,11,6
ជាលិកា,11,10
រយាល,11,5
លើកឡើង,11,8
ច្នឹង,11,6
ជ្រើស,11,10
ភ្ញាស់,11,10
ត្រីមុខ,11,9
លាភការ,11,10
ស្រមុក,11,10
សង្កែ,11,8
អឃោស,11,7
ខ្ទាំ,11,6
ពិសុទ្ធ,11,11
បាតិមោក្ខ,11,10
ឧត្តមា,11,11
បង្អត់,11,7
ប្រិយភាព,11,8
ក្រាម,11,10
អតីតភាព,11,10
អម្បាល,11,11
មង្ឃុត,11,11
មោក,11,10
ទឹកជ្រោះ,11,11
សង្វែង,11,9
រមឹលគុណ,11,10
ទាញព្រ័ត្រ,11,11
ថ្នាំជក់,11,10
រាធន៍,11,6
វិសោធន,11,10
ប្រមល់,11,9
កតវេទិតា,11,11
ត្រដឹម,11,5
បុច្ឆា,11,10
ស្ម័គ្រស្មោះ,11,9
គណៈបក្ស,11,11
គ្រៀវ,11,11
បូល,11,10
បន្លុង,11,9
ផ្អូម,11,11
អភិប្រាយ,11,10
ចំបួរ,11,7
ស្មារលា,11,8
ជាត់,11,10
ត្របាញ់,11,8
សិល្បៈការ្យ,11,8
កំណាយ,11,10
រ៉ៃ,11,10
គ្រុន,11,10
ព្រុយ,11,10
សំផឹង,11,7
ស្រួចស្រាល់,11,10
បស្សាវៈ,11,8
ហេលហាល,11,6
ឆៀក,11,8
ស្រស់ស្រូប,11,9
ប៉ន់,11,7
បរោ,11,10
តថាគត,11,10
ជោកជាំ,11,11
ពិសាខបូជា,11,8
ទាំ,11,9
ស្រែស,11,8
ធនលាភ,11,8
ព្យាសកម្ម,11,6
ផ្សាំង,11,10
ត្រីកោណ,11,7
ភណ្ឌាគារ,11,9
ចាល់,11,6
ខ្ទង់,11,10
ត្រាញ់,11,8
គាង,11,11
សូរ្យគ្រាស,11,9
មុធាគណនា,11,8
ផ្គុន,11,7
តួសម្ដែង,11,7
ជីវី,11,10
ឱសថការី,11,10
រេច,11,11
ហសិកា,11,5
ជន្លេន,11,10
កុសលរស,11,9
ខ្វិន,11,10
ក្រពាត់,11,10
វ៉ាល់,11,7
សុផល,11,7
រមាស,11,11
សុជាត,11,9
ដុល,11,11
កញ្ជ្រៀវ,11,11
ខ្វាច,11,9
អភិវន្ទ,11,11
ខ្សៀ,11,9
ប្លាប់,11,8
ម្នាល,11,9
ស្រែង,11,10
ចុងភៅ,11,11
ប្រមែ,11,6
ជើងក្រាន,11,11
ពន្យឺត,11,11
ទើសទាល់,11,11
មុត្តា,11,11
ខ្ញៀវ,11,11
បដិច្ចសមុប្បាទ,11,9
តោះតើយ,11,9
អឌ្ឍចន្ទ,11,10
សីលវិជ្ជា,11,10
ដូច្នឹង,11,9
បៀរ,11,9
រាហុ,11,10
វិប្បដិសារៈ,11,9
ផ្ទី,11,11
លន់តួ,11,10
អតិផល,11,10
ឡាំង,11,10
ទំនាក់,11,11
ប្រស្រី,11,10
សន្តតិវង្ស,11,10
នាគរាជ,11,6
អង្កាម,11,10
ង៉ាំង៉ូវ,11,8
ទន្តា,11,11
គ្រហែម,11,10
កខឹក,11,9
ប្រឿង,11,8
លេណ,11,11
ប្រុះ,11,6
ទាស់ទែង,11,11
រឱសឋាន,11,10
ថ្នឹង,11,8
កម្ចាយ,11,11
សំបថ,11,11
រកា,11,8
បរិយាបន្នកម្ម,11,11
ដុប,11,10
ចត្តាឡីស័ក,11,11
ត្រមង់,11,10
សំអុយ,11,10
ហាវ,11,11
ឆ្វង់,11,11
ម្រាក់,11,9
ប្រេះឆា,11,11
មូត្រ,11,10
ឃ្លាតឃ្លា,11,11
ស្ទាក់,11,11
សព្វសារពើ,11,8
ត្រាណត្រើយ,11,9
ដីសណ្ដ,11,11
បំបោរ,11,9
កំញើញ,11,9
រងាវ,11,10
ខ្ជួន,11,10
បរពត,11,8
មីន,11,9
ផុយ,11,9
ប្រសាច,11,9
ទំពែក,11,8
ជាពិសេស,11,7
ដាល,11,10
រេះ,11,10
ស្រអែម,11,10
ស្អិតស្អាង,11,9
ឆៃប៉ូវ,11,9
ប្រវត្តិវិទ្យា,11,10
ស្បូវ,11,11
ខេមរភាសា,11,10
ក្ដោង,11,8
ត្រីចក្រយានយន្ត,11,10
ងងើល,11,9
ដំណាប់,11,9
ភាណុមា,11,7
ពពាយនាយ,11,10
សង្វិត,11,6
បៀត,11,11
អេក,11,8
ស្រងាត់,11,11
ប្រតិមា,11,10
អន្ធិល,11,7
មណ្ឌប,11,8
យុត្តៈ,11,9
ឆ្លក,11,9
ទ្រព្យា,11,9
ជេតុត្តរ,11,10
ហស្ត,11,9
ដណ្ដាំ,11,10
ស្លាំង,11,8
បំបាំង,11,10
គម្រង,11,11
ស្រងាក,11,11
រលែក,11,9
ស្រូប,11,9
វាសុក្រី,11,11
ភ្លុង,11,9
សមុដ្ឋាន,11,7
យុត្តិការ,11,11
ត្បុល,11,8
រណៈ,11,11
ឆដា,11,9
អមោឃ,11,7
គេចកែ,11,9
អាបត្តិ,11,10
វត្ថ,11,11
ឈ្មុស,11,9
សំពៀត,11,11
ប្រថុជ្ជន,11,10
ភូមិវិទ្យា,11,10
ក្រំ,11,9
សំណោក,11,10
គឹល,10,8
មមាញ,10,7
អាយ៉ៃ,10,9
បាទា,10,10
គ្រលួង,10,8
អៀនប្រៀន,10,9
បង្កៃ,10,8
ស្បោង,10,6
សហ័ស,10,8
ប្រឌិដ្ឋ,10,9
ធុតង្គ,10,8
នាដ្យរស,10,7
ក្ឌាំង,10,7
ពួត,10,9
សិប្បៈ,10,9
គ្រាមភាសា,10,10
ក្រហល់,10,8
ចំណាក់,10,7
លោង,10,10
សង្គមស៊ីវិល,10,6
សំឡេះ,10,7
បកតិនាម,10,9
មិងមាំង,10,7
ស្អេកស្កះ,10,6
ឃោស,10,9
ស្ពុង,10,8
គុល,10,9
ទធាក់,10,6
សង្គហធម៌,10,10
ស្ងើក,10,5
សមកាល,10,8
ប៉ោ,10,10
បំបៅ,10,7
ជៀវ,10,9
គណៈរដ្ឋមន្ត្រី,10,8
ទម័ក,10,8
សិល្ប៍វិធី,10,8
សណ្ដក,10,9
នីហរ័ណ,10,9
ឃាង,10,10
ញ៉េះញ៉ោះ,10,7
គ្រឹប,10,9
ឆិល,10,5
ចំណងជើង,10,9
កាត់កាល់,10,9
រលេះ,10,8
ក្រៀល,10,9
ប៉ាន,10,7
ឆ្អេះ,10,9
ទឹកប្រាក់,10,8
សុង,10,10
បុត្តា,10,6
ផ្លែផ្កា,10,9
ប្រកាំង,10,8
អយស្ម័យ,10,8
តែម,10,6
ទសភាគ,10,8
បរាសិត,10,10
កោយ,10,9
សណ្ដូក,10,8
អវជ័យ,10,8
ចូលឆ្នាំ,10,10
ប្រវាយ,10,10
ប៉ាត,10,10
យញ្ញ,10,9
សិល្បការិនី,10,8
សណ្ឋានដី,10,10
ល្ហុង,10,10
វិច្ឆេទ,10,9
ដំបៅងា,10,8
រត្ត,10,8
វត្សរ៍,10,9
ព្រឹក្ស,10,10
ឃ្នើស,10,9
អង្កៀម,10,9
មេអំបៅ,10,9
រគាំង,10,9
ប្រាក់សោធន,10,9
ព្រហូត,10,7
ឃ្វាង,10,7
ស្រិម,10,7
ពង្រោះ,10,9
ពេជ្ឈឃាដ,10,8
សរីរ,10,8
បរាមុខ,10,8
ហាច់,10,6
ទំនាញ,10,7
ហេរញ្ញិកា,10,6
សំណំ,10,10
វិចិកិច្ឆា,10,6
ខ្ទេចខ្ទាំ,10,10
ក្ដុងក្ដាំង,10,6
ឡិកឡក់,10,10
ឌិន,10,10
កុងស៊ុល,10,8
ធរណីមាត្រ,10,7
ខ្មោះ,10,7
សណ្ដូន,10,8
វិនាទី,10,8
សំណុំរឿង,10,10
ឈ្នាង,10,9
ត្រជំ,10,8
តម្កាត់,10,8
ភ្ញី,10,8
ក្រឡៅ,10,7
កាំភ្លើង,10,10
អង្កាំ,10,9
កំប្រុក,10,7
បំភ័យ,10,10
ថ្លង់,10,9
ខ្សាច់,10,9
ឫស្ដី,10,8
ល្មូន,10,9
ស្រាំ,10,6
ធាង,10,6
សង់ខ្យា,10,8
ព្រមទាំង,10,10
មហារាជ,10,10
ដកស្រង់,10,9
សន្ធប់,10,9
រាហូ,10,10
គីឡូម៉ែត្រ,10,10
បង្ខាំ,10,9
គោបា,10,9
ឈ្លេច,10,6
នាមសព្ទ,10,8
បូញ,10,8
ម៉ាក្រូសេដ្ឋកិច្ច,10,8
ដំណោះ,10,9
វេទយិត,10,10
វិជ័យ,10,9
មាឃបូជា,10,7
ច្រពើស,10,8
អាកាសយាន,10,10
វិចិត្រកម្ម,10,9
អគ្គទេសាភិបាល,10,7
លិញ,10,10
អបគមន៍,10,7
ជំនា,10,9
ប្រតិពន្ធ,10,9
សៀក,10,8
សម្នាម,10,8
ពហុវចន,10,9
នរនាថ,10,8
មេគង្គ,10,8
សន្ទូង,10,10
ស្ពឺ,10,9
ត្របក,10,9
សេវាសាធារណៈ,10,8
ឧបសម្ប័ទ,10,9
ខ្មួល,10,10
ចំទាល,10,9
បវារណា,10,9
បោក្ខរព័ស៌,10,10
ឧប្បល,10,8
ម៉ៃ,10,10
វិមតិ,10,7
ត្រាយ,10,10
បន្សារ,10,8
អហំការ,10,8
ទ្រឹស្តិ,10,9
នាដកម្ម,10,10
រំលត់,10,10
បឿន,10,9
ជីវវិទ្យា,10,8
ភ្នែន,10,6
ហេតុអ្វី,10,9
សើវ៉ើ,10,6
លំឱន,10,10
ព្រឺស,10,8
ដន្លាប់,10,10
តម្លៃសោភ័ណ,10,5
រលាម,10,7
អភិនីហារ,10,10
ក្រមួន,10,10
បហារ័ក,10,8
ចាក់ស្រេះ,10,9
វីតាមីន,10,10
ជៀត,10,10
បន្លែបង្ការ,10,9
យុវៈ,10,8
កម្ជាប់,10,9
អធម,10,7
រកាំរកូស,10,8
គ្រាំ,10,10
ឧត្តរា,10,8
ជ្រួលច្របល់,10,9
ជន្លាស,10,7
ស្រមើល,10,10
សិន្ធុ,10,7
ក្រមរ,10,10
ទ្រូ,10,9
គ្រុនឈាម,10,8
សម្ភី,10,9
សំយេះ,10,8
សារុង,10,9
អធិការបតី,10,7
ផ្ទះបាយ,10,9
អក្ខរៈ,10,9
រ៉ស់,10,9
មជ្ឈិមសម័យ,10,10
គូប,10,9
ទុល,10,9
កម្មសិទ្ធិបញ្ញា,10,10
បាហុនិកា,10,7
ចាប់ជំរិត,10,9
អនុប្បទានិក,10,8
ស្រេចបាច់,10,8
រុករាន,10,10
បង្អែ,10,8
សណ្ដង់,10,8
ក្អែក,10,8
ច្រឹប,10,10
រ៉ក,10,6
សួត,10,8
ឰរាវ័ណ,10,7
តម្រាយ,10,10
ភទន្ត,10,9
អាត់,10,8
ជជីក,10,9
អៀង,10,8
ពិរោធ,10,8
គរគោក,10,9
ទោច,10,10
ជនិតា,10,6
ក្បូរ,10,9
ខោរ,10,8
បង្អួត,10,8
ត្រឹក,10,8
ផឹង,10,9
ទក់,10,10
ឈូង,10,8
អង្កត់,10,10
គោត,10,10
ចុតិ,10,7
បាដិមោក្ខ,10,9
ជ្រលួស,10,9
ប្រតិបត្តករ,10,8
ថនា,10,8
ប្រដាល់,10,8
យិនស៊ិន,10,9
ពុកចង្កា,10,8
បូក,10,7
ឃឹម,10,7
មច្ចុ,10,8
អគ្និ,10,10
អគ្គាធិការ,10,9
ស្ពោត,10,8
សៅម៉ង,10,8
វិវិត្ត,10,6
វិសមិត,10,8
ចៅរ៉ៅ,10,8
មៀម,10,9
តថនិយម,10,6
កសិការ,10,10
ឡាក់,10,7
ពាក្យរាយ,10,9
អ៊ូអែ,10,10
សំណាត់,10,8
ទីទុយ,10,8
ឃោរ,10,9
ពែន,10,8
ព្យាការី,10,10
សរីរវិទ្យា,10,9
ម្សៀត,10,8
ស្រទប,10,8
ងោះ,10,10
ត្រហេបត្រហប,10,8
ស្កា,10,9
អាកោ,10,9
ច្រាន,10,10
រហស្ស,10,10
អម្រស់,10,10
ល្បោយ,10,9
ជាងទង,10,10
ក្ដីក្ដាំ,10,8
នួនល្អង,10,8
អសាធារណៈ,10,7
ខ្វិត,10,9
ដាល់,10,10
បង្ហាប់,10,8
កិល,10,10
សារថី,10,8
ស្រួលបួល,10,8
សិថិល,10,10
ស្លាក់ស្លើត,10,7
សម្ពន្ធមេត្រី,10,5
ពាក់កណ្ដាល,10,10
ចំណោល,10,9
តិណជាតិ,9,6
ប្រាម,9,9
ហាមឃាត់,9,6
ប្រិតប្រៀង,9,8
ច័ន្ធូ,9,6
កិត្តិគុណ,9,7
ទុជ៌ន,9,9
ក្សណៈ,9,7
ប៉ក់,9,9
ញ៉ិម,9,8
ភោក្ដា,9,7
ជាល,9,7
ហេម,9,9
ចុល្លសករាជ,9,9
សំពោច,9,7
ស្រើប,9,8
ប្រូច,9,6
ត្បុរ,9,7
កង្ហែន,9,6
ស្រឡេត,9,6
ផ្ងំ,9,9
ជ្រើម,9,7
ឃានវិញ្ញាណ,9,7
ខានស្អែក,9,6
ធរណីវិទ្យា,9,8
គុណប្រយោជន៍,9,7
ស្រុញ,9,6
ជ្រាវ,9,9
អន្យតិរ្ថីយ៍,9,8
ហួរ,9,8
វក់,9,9
ហូត,9,9
អាសាឍ,9,9
ហេងហាង,9,8
សុណិសា,9,9
ក្រអាញ,9,9
អគ្គលេខាធិការ,9,9
ឆ្ដោ,9,7
ហត្ថូបករណ៍,9,9
សមភាគី,9,8
សម្មាសម្ពុទ្ធ,9,8
ឥស្សា,9,8
ក្រអេក,9,8
បង្ខិត,9,6
ប្រព្រឹត្តិការ,9,7
រម៉េះរម៉ោះ,9,5
តួឯក,9,6
ពន្លូត,9,7
ចោម,9,8
លូកលាន់,9,6
រអែង,9,9
គ្រឹង,9,8
ក្និកក្នក់,9,8
អញ្ញត្រ,9,9
វិក្រយបត្រ,9,8
វិសាខបូជា,9,8
វិសមាមាត្រ,9,6
វិទេស,9,5
ចង្អើរ,9,7
សែប,9,9
បដិលោម,9,8
ចោងហោង,9,6
ផាយ,9,8
ពហុមុខ,9,9
អង់ទីករ,9,8
កណ្ដប,9,7
អៀម,9,7
អាំងប៉ាវ,9,5
ហ៊ឹះ,9,7
ហ៊ឹកហ៊ាក់,9,9
រឹល,9,6
ស្លាធម៌,9,6
សត្វលោក,9,9
រង្វេល,9,7
ឆែត,9,8
ខ្យល់កន្ត្រាក់,9,8
ក្អម,9,7
កោះកេរ,9,9
ទីងមោង,9,9
ប្រទល់,9,9
ប៉ាយ,9,8
អធ្វ័ន,9,9
រកាំ,9,9
កណ្ដាលស្ទឹង,9,5
នវសម័យ,9,8
ផាំង,9,8
ហៀបនឹង,9,8
ពួរ,9,9
យ៉ង,9,9
រដោះ,9,7
ងងុល,9,8
ក្រុមប្រឹក្សាធម្មនុញ្ញ,9,7
ក្រអៅឈូក,9,5
សៀរ,9,7
កមល,9,6
គ្រឿងផ្សំ,9,8
បន្តួច,9,8
គេហវិទ្យា,9,8
រួត,9,7
ហួសហេតុ,9,8
គម្ដែង,9,7
អន្លង,9,8
ត្រាវ,9,9
ឯវំ,9,8
ណាយចិត្ត,9,7
ថ្នាំសង្កូវ,9,9
ប្រទាញ,9,8
ស្នប់,9,7
សង្ខុញ,9,9
ចលនការ,9,8
ដំកង់,9,8
សេចក្ដីថ្លែងការណ៍,9,9
កន្ធាយ,9,7
ឧបាទេសកម្ម,9,6
ព្រេន,9,8
ព្រហ្មទត្ត,9,6
ស្រឡេវ,9,7
ជំនោះ,9,7
ភូមរី,9,7
តារាសាស្ត្រ,9,7
ហ៊ីង,9,9
រំហែ,9,7
ចង្គ្រោង,9,5
ក្សត្រា,9,9
ជហ្វា,9,9
ពាក្យបណ្ដឹង,9,8
បច្ចេកពុទ្ធ,9,7
ស្មិល,9,8
ល្អោច,9,9
អនុសម្បជញ្ញៈ,9,7
ជ្រង,9,8
មណ្ឌលគិរី,9,7
កាណុង,9,9
សម្ពៀត,9,9
បង្កូក,9,5
ចក់,9,9
ទ្រោប,9,9
សូដា,9,7
ជ្រោក,9,9
ពិសាល,9,9
ពេជ្ឈឃាត,9,7
ឩរុ,9,8
អនន្តរ,9,8
ក្លាក់,9,9
តាប,9,8
អង្រែ,9,9
បុព្វជន,9,8
ល្ហក,9,6
អធិធម្មជាតិ,9,7
ពង្រត់,9,7
ខៀន,9,9
ប្រកិត,9,9
សាធារណមតិ,9,9
ព្រេងនាយ,9,9
អន្តោប្រវេសន្ត,9,9
ប្រដិត,9,8
កំភួន,9,6
បារត,9,7
ទ្រឹស្តិស្មូរ,9,7
ខាប់,9,8
ស្ដៅ,9,7
ឆ្វេចឆ្វាច,9,8
ឈិង,9,8
អន្សម,9,9
ហាហា,9,9
អភិបាលខេត្ត,9,8
អវិហិង្សា,9,5
សកវាទិ៍,9,9
វីររស,9,7
សោះសា,9,6
ក្ង,9,9
មាតុច្ឆា,9,6
ទេញ,9,5
ក្អេង,9,8
នាងនួន,9,8
ព្យញ្ជន,9,8
នាដសាស្រ្ត,9,5
ស្រុកទេស,9,7
ប៉េតប៉ោង,9,6
ឱសថដ្ឋាន,9,7
ឱជា,9,8
កណ្ដាច,9,5
អាវាស,9,7
កុងស៊ី,9,7
កោន,9,8
កឿង,9,9
ស្នូក,9,8
ចចក,9,8
ញញ័រ,9,7
ឧបនាយក,9,8
គណិតសាស្ត្រ,9,8
តាយហោង,9,8
ចិញ្ចែង,9,9
ជីងចក់,9,6
អាហរ័ណ,9,9
ភវនីយភាព,9,6
អឹមអៀម,9,7
ណែម,9,9
បុរិសៈ,9,9
ធឹង,9,8
កាគី,9,8
កម្លៅ,9,7
តប់ប្រមល់,9,9
ងៀង,9,7
រង្កៀស,9,9
ពោះវៀន,9,8
គំរើយ,9,9
អដ្ឋកថា,9,9
និវេសន៍,9,7
បញ្ជក់,9,9
លោមា,9,8
ចើក,9,7
ស្រប់,9,9
ថមថយ,9,8
ហើម,9,9
រាជាភិសេក,9,9
ប្រូបាប៊ីលីតេ,9,9
ព្រាវ,9,7
សឿង,9,9
ខារ,9,8
ដឺក្រេ,9,7
កាត់ក្ដី,9,7
ពុរ,9,8
ភាវៈរស់,9,9
ប៊ីយេរ,9,6
ភគិនី,9,8
ជំទើរ,9,6
ឧត្តរមានជ័យ,9,8
ខ្ទរខ្ទ័រ,9,8
បង្ហួស,9,7
អែអង់,9,8
ធួន,9,9
ល្ពៅ,9,9
អសុរា,9,9
រឹប,9,5
អវិរោធនៈ,9,7
អធិកភាព,9,7
កហាបណៈ,9,7
ប៊ីដុង,9,8
ម៉ាញ៉េទិក,9,8
ប្រមៀល,9,9
មធុរៈ,9,8
បំព្រួញ,9,9
តំណាប់,9,8
មុធា,9,8
អយ្យ,9,8
អប្បផរណា,9,5
តន់,9,8
ភូគព្ភវិទ្យា,9,7
វាយុ,9,6
ចរភាព,9,8
ស្វាយចន្ទី,9,8
អគ្គនាយកដ្ឋាន,9,9
ធ្នង់,9,6
ព្រៃរបោះ,9,7
ជែង,9,9
ទសពរ,9,7
ស្រលេត,9,8
ហីន,9,9
អញ្ជលិ,9,9
សង្ក្រាន្តិ,9,9
ចឹប,9,8
ទេពនិម្មិត,9,5
សាត់,9,9
អរញ្ញ,9,8
កន្តិល,9,6
បន្ទារ,9,8
ព្រើស,9,8
ហ្វារ,9,5
ទីប្រជុំជន,9,8
ខ្សែពាន,9,8
និយ័តភាវូបនីយកម្ម,9,7
ឈ្មុល,9,7
សសឹក,9,7
វៃស្យៈ,9,8
អ៊ឹម,9,7
កន្តុល,9,7
គុយ,9,8
ស្រឿង,9,6
ស្រួយ,9,8
ពិម្ពា,9,6
តក្កកម្ម,9,8
ច្រឡើស,9,9
ទឹកកក,9,8
ឆាយាល័ក្ខណ៍,9,8
បទយកការណ៍,9,8
ខ្មែរក្រហម,9,9
យោគៈ,9,7
កុណ្ឌី,9,6
តរុណី,9,7
ឃោសៈ,9,8
ឡាយឡុង,9,9
សៅវតារ,9,7
ចៀនចួន,9,7
ស្ពុរ,9,6
ខ្វេរ,9,6
ជនសង្ស័យ,9,7
ពងមាន់,9,8
ខ្វែង,9,9
សង្គមូបនីយកម្ម,9,8
ត្រដក់,9,5
ច្រំ,9,9
កុះ,9,8
បំពារ,9,5
វង្សាអគ្គរាជ,9,7
ឧបត្ថម្ភធន,9,8
ធនក្ស័យ,9,5
ផ្ទោង,9,8
អាហរណកម្ម,9,8
បន្ទាយឆ្មារ,9,5
អំពិលអំពែក,9,7
ឱស្ឋ,9,8
ទាត់,9,9
អភិរម,9,7
លាចាក,9,9
ឯកភាវូបនីយកម្ម,9,7
រ័តន៍,9,9
សន្ទិដ្ឋិភាព,9,9
បង្ហិន,9,9
សញ្ជាតូបនីយកម្ម,9,7
ប្រណិធាន,9,9
ឆាបឆេះ,9,9
កើយ,9,9
សច្ចានុម័ត,9,8
សើន,9,8
ព្រឹត្តិកាល,9,9
អឌ្ឍសិទ្ធិ,9,7
ពិស្សុត,9,7
រងាល,9,8
ប៉ាតេ,9,8
ចុងសប្ដាហ៍,9,7
ប៉ប៉ាច់ប៉ប៉ោច,9,9
គ្រាន់បើ,9,6
អួន,9,8
ត្រ័យ,9,9
សរពាង្គ,9,8
ប្រាវ,9,9
រញ៉,9,7
ត្រឈឹង,9,8
សន្ធ្យា,9,9
ល្បាប់,9,9
ភ្លាស,9,8
មនស្ការ,9,6
បុរាណដ្ឋាន,9,9
សកម្មជន,9,9
សណ្ដែកដី,9,7
លស់ព្រលឹង,9,7
កន្សោមពាក្យ,9,8
លតាបត្រ,9,9
ភ្ញោច,9,6
ជ្រុលនិយម,9,8
វឌ្ឍកី,9,7
គ្រហែត,9,5
មេការ,9,7
អសមត្ថភាព,9,9
រន្ទាល,9,8
មើលបំណាំ,9,7
លែងលះ,9,8
បាងកក,9,5
ខ្សឺត,9,8
ទ្រាំង,9,8
តំហយ,8,8
សយនៈ,8,6
អនន្តរិយកម្ម,8,7
ស្វាមីភក្ដិ,8,8
ប្រណាក,8,7
នែក,8,7
ទុក្ករបុគ្គល,8,6
ក្រាញ់,8,6
គ្រាក,8,7
លាតត្រដាង,8,8
រយ៉ៃ,8,5
វិទ្យុសកម្ម,8,8
អធិការកម្ម,8,8
រឹងរឹត,8,5
ល្ហាច,8,5
ភូសា,8,6
សម្លុយ,8,7
ត្រល់,8,8
ជំនាញទន់,8,8
ល្បាក់សា,8,6
ហិមពាន្ត,8,7
ចងពៀរ,8,8
ជីវន្ត,8,8
សំពីងសំពោង,8,7
បរទ,8,6
ទួញ,8,8
សច្ចានុមតិ,8,8
វាទី,8,8
រំអិល,8,6
បរិមណ្ឌល,8,6
ប៉ប៉ិលប៉ប៉ូច,8,8
វេស្សភូ,8,5
ស្វេត,8,7
ក្រឡាន,8,7
អំណាចនីតិប្បញ្ញត្តិ,8,8
កន្សៃ,8,7
អស្សុ,8,6
ទស្សនាចរណ៍,8,8
អំបាលម៉ាន,8,5
រលាប,8,6
ស្បាត,8,8
ផលិតករ,8,8
សុចិត,8,7
វ៉ឺយ,8,7
ឧក្កដ្ឋ,8,8
វិចារណ៍,8,7
វិមុត្ត,8,5
អព្ភូត,8,8
ពុយ,8,6
សំផិង,8,6
ពៃរ៍,8,7
វីឡា,8,6
ជើងកប,8,8
ត្បារ,8,7
បញ្ចរ,8,7
កីឡាការិនី,8,7
ពពាយ,8,6
ទេយ្យវត្ថុ,8,7
សេវនៈ,8,7
ដោះទុក្ខសត្វ,8,7
វិច្ឆាយ,8,6
កាំជ្រួច,8,6
រោងការ,8,8
សន្តិនិយម,8,6
គ្រូក,8,7
ប្រី,8,7
សម្លី,8,8
ទស្សនាការ,8,7
ខ្វាច់,8,5
ចូឡាមណី,8,8
ជេន,8,6
ខ្មេរ,8,8
ធម្មនុញ្ញភាព,8,8
នេត្រាទស្សន៍,8,7
កណ្ដាប់ដៃ,8,8
ឧឡារ,8,6
ខូចចិត្ត,8,8
កញ្ចក,8,6
រថយន្ត្រ,8,7
អាត្ម,8,8
សមប្រកប,8,7
រងៃ,8,7
កំប៉ុក,8,5
សង្ឃឹក,8,6
តេត,8,7
កន្ទ្រាញ,8,8
បញ្ជិះ,8,8
ទ្រោល,8,7
ខ្ពាក,8,5
រ៉ាត់,8,6
ពេញវ័យ,8,8
ទាក,8,8
បរិបាលកិច្ច,8,7
ឡូកឡំ,8,6
សីតា,8,8
ឆ្លូក,8,7
ភាពស៊ាំ,8,8
បាយបត្តបូរ,8,6
នាគី,8,6
រនាម,8,7
រ៉ុយ,8,6
ភេរវករ,8,6
ឯកត្តភាព,8,6
ពពាល,8,7
ឃ្នង,8,7
ពូត,8,8
ផ្លើស,8,6
ដែនកំណត់,8,7
ស្រោម,8,8
និវាសនដ្ឋាន,8,7
បដិមាករ,8,6
ខ្មេះ,8,8
បដិគ្គាហក,8,6
សរភញ្ញ,8,7
អប្បនា,8,6
រោចន៍,8,7
តិចនិក,8,8
ស្រាំង,8,7
បូត,8,8
ល្អៀង,8,8
ថើប,8,7
ភិយ្យោ,8,7
ទ្រពង,8,5
ពន្ទ,8,7
ឧបាទាន,8,6
សំគម,8,6
កកែកករ,8,7
ឡាប,8,7
សុញ្ញាកាស,8,7
ប្រហិត,8,8
នារ,8,6
ព្រៀងលាន,8,6
ទុតិយា,8,6
អច្ឆរិយរស,8,7
ឆ្លេ,8,8
ស៊ីក្លូ,8,7
ហ្មឺន,8,7
គូប៉ុង,8,8
កាឡូរី,8,7
ត្លែ,8,8
ព្រូ,8,7
ខ្នារ,8,5
ថ្នាំញៀន,8,6
សស្រាញ់,8,5
កាលសម័យ,8,8
ចោមពុង,8,7
ឆ្វាក់,8,8
មហោសថ,8,7
រំជើប,8,7
ស្រគំ,8,6
បរមិន្ទ,8,7
ស្លេះ,8,8
ថ្លើម,8,8
ទ្រលុក,8,8
អាស៊ីដ,8,8
ឧត្បាត,8,8
ខ្លុយ,8,6
ស្រកី,8,7
អត្តពលកម្ម,8,8
ម្ដា,8,6
ឧសា,8,6
វាវ,8,6
អនិច្ចធម្ម,8,5
គង់តែ,8,8
ក្បុស,8,8
រ៉ាវ,8,7
តាវត្តិង្ស,8,6
ឧត្តមគតិរឿង,8,6
រុក្ខទេវតា,8,6
បន្ថោក,8,8
ភូមរា,8,8
ល្វាចេក,8,6
ពេន,8,8
រលែម,8,7
បារ៉ាស,8,6
អង្កន់,8,7
សុចរិតធម៌,8,8
ក្លាំ,8,7
ព្រលយ,8,5
រូបធាតុ,8,8
វត្ថុធាតុ,8,8
ព្រះភូមិ,8,6
វណ្ណនា,8,6
អាវុសោ,8,6
អ៊ិម,8,6
យោន,8,7
អ្នកតា,8,7
ចែកចាយ,8,8
សិរមាន់,8,8
សិន្ទ,8,5
សិប្បីសត្វ,8,7
ក្បង់,8,8
អសប្បុរស,8,8
វិចិត្រសាល,8,8
ឆន្ទាគតិ,8,8
ប្រិត,8,8
ក្រាយ,8,7
ប៉័ងតោ,8,8
កណ្ដែងកណ្ដោច,8,6
សន្តិភាពនិយម,8,7
ត្រកៀត,8,6
ផាតិកម្ម,8,6
អឃម័យ,8,6
ដងរែក,8,8
ងងូស,8,6
ប្រាក់ឈ្នួល,8,8
ឫសី,8,8
លុត្ត,8,7
វ៉េរ៉ង់ដា,8,7
ឆ្មាបា,8,6
ជីព,8,7
ត្រសាយ,8,8
ស្វះ,8,8
សព្វាសី,8,7
ក្អែប,8,7
ផ្លែង,8,8
កន្ទ្រឹម,8,7
ទទាក់,8,7
ក្រញៅ,8,7
សុមេធ,8,6
សាត,8,8
រលើង,8,6
ព្រលាំ,8,8
ស្រលៀង,8,8
ដូង,8,7
ស្ទង់មតិ,8,7
អំណើះ,8,6
ខ្វៃ,8,8
អូប័រ,8,6
ស្រឡប់,8,7
អនុសេនីយ៍ឯក,8,8
បញ្ញត្តិករ,8,6
ទេពា,8,6
ឆាំង,8,7
យមបាល,8,8
ចំបក់,8,8
សន្មតិកម្ម,8,6
អព្ភន្តរសញ្ញា,8,8
ឡែបខាយ,8,7
តន្តី,8,6
ថ្មារ,8,7
ជោតិ,8,7
កំប្រោង,8,7
ត្រកួត,8,7
ក្ដៅក្រហាយ,8,6
បង់ក,8,8
ប្រពាត,8,7
អុត,8,7
ឆ្លាស,8,8
ដំណក,8,6
កូនភ្លោះ,8,5
ក្ដួច,8,7
អំពាន់,8,7
តតិយតា,8,8
អាំ,8,8
រត្នៈ,8,6
ស្តោក,8,6
ពុម្ពអក្សរ,8,6
សវនីយ៍,8,7
សរសៃប្រសាទ,8,6
កាយពល,8,8
ជីពជន្ម,8,6
រអើល,8,6
សាវត្ថី,8,8
ទណ្ឌឃាត,8,7
ចង្ហូរ,8,7
អាណាខេត្ត,8,6
ក្រអឺត,8,7
ថាវ,8,7
ព្រីង,8,7
ពីព្រោះ,8,7
អាវ៉ាសែ,8,7
ល្អូក,8,5
អកាល,8,7
ននល,8,8
សិល្បារម្មណ៍,8,7
សុល,8,7
ច្រាស់ច្រាល់,8,6
រំពា,8,6
ឪម៉ាល់,8,7
អង្កែ,8,7
សេវនា,8,7
ប៉េងប៉ោះ,8,7
រាជវង្សានុវង្ស,8,8
អស្សុជ,8,8
នប់,8,7
អចល,8,8
អណ្ណាម,8,6
អមាត្យ,8,8
ទំនូល,8,7
តរុណវ័យ,8,5
ទុំជោរ,8,6
ជាតក,8,7
ធនិត,8,7
រំយោល,8,8
សុវុឌ្ឍិកម្ម,8,7
រលប់,8,7
គ្រឿន,8,5
រំលើង,8,7
ចុះប្រេង,8,6
វិបរិយាយ,8,5
បំណន់,8,8
ល្មួត,8,7
ញោច,8,8
មុខសញ្ញា,8,7
បញ្ចេះ,8,8
វេស្សៈ,8,6
សាឡន,8,7
នេក្ខម្ម,8,6
ហួច,8,7
ទុយមុយ,8,7
តុះ,8,7
ប្រធានវិស័យ,8,6
កង្វាក់,8,5
គឃៀរ,8,8
ស្មោក,8,8
មុម,8,7
អសុរិន្ទ,8,7
អែនអន,8,8
ផស្ស,8,7
ប្លាស្មា,8,6
មួរ,8,7
ក្រាប់,8,6
អណ្ដាប់,8,5
រាជទូត,8,8
ផ្ងូត,8,6
រហិតរហៃ,8,7
ឧបមេយ្យ,8,8
ពព្រឹម,8,7
ផ្អោប,8,6
ក្លស់,8,7
ខ្សៀវ,8,7
សាច់ប្រាក់,8,6
វច្ច,8,8
បណ្ដូរ,8,7
ឈរឈ្មោះ,8,8
តិរច្ឆានភាព,8,5
មហាវិថី,8,7
ថតចម្លង,8,6
រហោ,8,7
ស្មិត,8,7
ពង្សាវលី,8,6
បាក់បប,8,7
អនុវិស័យ,8,8
តារានិករ,8,5
រហស្ថាន,8,8
អនង្គ,8,8
ពហុកោណ,8,6
បន្ទាប់បន្សំ,8,7
ក្រខុប,8,8
ប្រាក់កក់,8,7
កំសៀវ,8,7
ម្រឹត្យុ,8,7
កុងទ័រ,8,7
បំបែរ,8,6
យន្តបថ,8,6
ក្រពុល,8,7
ភាគហ៊ុន,8,7
ឧតុ,8,8
ច្រុះ,8,8
ឥណ្ឌូចិន,8,7
ឆោង,8,8
កន្ទ្រល,8,7
រំអួយ,8,8
ពារាណសី,8,6
ទិសាបាមោក្ខ,8,6
រាជានិយម,8,6
ជំទើត,8,5
មមង់,8,5
អង្កា,8,8
ដួន,8,7
នគររាជ,8,7
បទលហុ,8,8
ក្រសាំង,8,7
ទ្វេហារ,8,8
ផ្សែ,8,7
សង្វោយ,7,6
មូលទោស,7,6
ឈ្វាត,7,7
ខ្មូរ,7,7
អបរិមាណ,7,5
ប្រក្រតីភាព,7,5
ឧរគ,7,7
នាគា,7,6
វិសេសន,7,6
ថួន,7,6
សូលី,7,6
រូបសព្ទ,7,7
ទ្រុប,7,7
បង្ហា,7,7
ចង្គ្រុង,7,5
មឿង,7,5
វិវេចនា,7,5
បញ្ចពិធ,7,7
ប៉ៃលិន,7,7
ផ្ស៊ាំ,7,7
នាដកា,7,7
រស្មីសំយោគ,7,7
អាបណ,7,5
ដាំង,7,6
រៀបរប,7,6
ឈ្លៀស,7,7
ដូន,7,6
វេបសាយ,7,7
ល្ខោនខោល,7,6
បែន,7,7
ស្នឹង,7,5
រប៉ិលរប៉ូច,7,6
បោះពុម្ពផ្សាយ,7,6
នារាយណ៍,7,5
ខ្សាក,7,6
វរសេនិយ,7,7
ឧត្តមស្នងការ,7,5
ហ្ឫទ័យ,7,7
រ៉ូប៊ីណេ,7,7
នាដ,7,6
ឆែប,7,7
បុគ្គលភាព,7,7
កាផែ,7,5
អសាធនីយ៍,7,7
ឆ្អើម,7,7
ក្រចៅ,7,7
អយោ,7,7
អភិរូហ៍,7,5
អថ័ន,7,7
ទឹកជ្រលក់,7,6
បញ្ចង់,7,7
សម្លាក,7,6
ខ្ពុក,7,6
គ្នាន់,7,6
ប្រក្រតីទិន,7,5
រុក្ខទិវា,7,5
សំភោរ,7,6
វត្ថុវិស័យ,7,7
ពេទ្យសាស្ត្រ,7,7
រលង់,7,5
សាកច្ឆា,7,5
ប៉ោត,7,6
ស្ទីក,7,6
ពង្រីង,7,5
រ៉ឹង,7,7
បំភាយ,7,7
ហីរ,7,7
វីត,7,6
ឧបសគ្គៈ,7,6
សាវកែ,7,6
មហាសករាជ,7,6
ភាសាវិទូ,7,7
រើប,7,6
ម្កាក់,7,5
បរិយាទាន,7,7
តាន,7,7
ប្រាក់បំណាច់,7,7
ខ្ទារ,7,7
ឧត្សាហ៍,7,7
ចំណុក,7,7
ខ្វាន់,7,5
កាប៉ូរ៉ាល់,7,7
ដីឥដ្ឋ,7,6
ត្រឈៃ,7,7
សិចស៊ី,7,6
ត្រិល,7,6
ម៉ត់ហ្មង,7,7
ស៊ីសង,7,6
ឧបយុវរាជ,7,6
យ័ន្ត្រ,7,7
ប្រញាល់,7,7
នារីរត្ន,7,5
ឆកល្វែង,7,7
ប្រភា,7,6
កន្យា,7,5
គម្លង់,7,6
តង់ស្យុង,7,7
អនុមានញែក,7,6
អាមិស,7,7
ប្រីជា,7,7
អភិរក្សនិយម,7,7
រថក្រោះ,7,7
ចតុរង្គសន្និបាត,7,5
ដោម,7,7
ខ្វារ,7,5
ច្បត់,7,6
កូប,7,6
សាលាឧទ្ធរណ៍,7,7
សង្កថា,7,6
ផ្ទុកផ្ដាក់,7,6
រំដេញ,7,5
គីឡូក្រាម,7,7
ចក្ក,7,6
លម៉ើ,7,5
ធនបត្រ,7,6
ករវិក,7,5
សត្វនិករ,7,5
ផ្លូវភេទ,7,7
និគ្គហិត,7,6
សង្កត់សង្កិន,7,7
លង្កា,7,6
រេល,7,5
ក្រឡែត,7,7
កុសុម,7,7
អក្សរក្រម,7,7
ក្សេត្របរិស្ថាន,7,5
រំលិច,7,6
បំពោក,7,5
កន្សៃសារពេជ្ញ,7,7
បញ្ចក្ខន្ធ,7,6
កាល់,7,7
ពន្រាយ,7,6
សុភាចារបុរស,7,5
ប្រាំបី,7,5
ញ៉ាក,7,6
អុល,7,7
អួតអាង,7,6
មធុ,7,6
ខុប,7,7
ចាម្ប៉ា,7,6
ធ្វើទុក្ខ,7,6
កុក្កុដនេត្រ,7,6
ពាណិជ្ជសញ្ញា,7,7
កលហៈ,7,5
បាញ,7,7
អភិទោស,7,6
ថ្លឹងថ្លែង,7,7
លង់ហិន,7,7
សមង្គិភាព,7,7
អុបទិក,7,5
ផល្គុន,7,7
កាឡកិណី,7,5
ពួយ,7,7
កុរ,7,5
ទីមទាម,7,7
ពិពណ៌នាកថា,7,7
បៀលៀង,7,6
វិកល្យ,7,7
បន្សាយ,7,7
ផ្ទល់,7,5
តពោក,7,5
ឧបរាជ្យ,7,6
ទសមាស,7,7
ឃិនឆាយ,7,6
ទេពប្រណម្យ,7,6
កល្បព្រឹក្ស,7,5
វោហារសាស្ត្រ,7,7
ស្រេកឃ្លាន,7,5
មជ្ឈភាព,7,6
ធ្លាក់ស,7,7
ក្សិណក្ស័យ,7,6
ថ្វីដៃ,7,5
មេគ្រួសារ,7,6
កន្ត្រាក,7,7
ត្បក,7,7
អនាគតកាល,7,5
ធ្លូញ,7,7
សម្រាត,7,7
ស៊កសៀត,7,7
ដកចន្ទន៍,7,6
ជីរណា,7,7
ជវ័ន,7,6
ក្រៀវ,7,5
បរទត្ថភាព,7,5
កំបាក់,7,7
យ៉ាក,7,5
ផ្កាចារ,7,7
កាណូត,7,5
ប្រេះស្រាំ,7,7
ទ្រលោម,7,5
ពន្ធភាព,7,7
ថ្នាក់ដឹកនាំ,7,7
អែក,7,6
ងៀត,7,6
ចុងក្រោយ,7,5
និមុត្តិ,7,6
សង្ឃាដី,7,7
អាធិបតេយ្យ,7,7
បាដិហារិយ៍,7,6
និវាសដ្ឋាន,7,6
បញ្ញើក្អែក,7,5
ក្មេងពាល,7,7
ឆកាមាវចរសួគ៌,7,5
គ្រាប់បែក,7,5
មេរ័យ,7,7
សុខោទ័យ,7,6
ជយភូមិ,7,6
វិសាខា,7,6
ឆ្វ,7,7
កាមរោគ,7,6
ទន្ទាំ,7,6
ស្ញប់,7,7
ផ្អឹះ,7,7
អនស្ចារ្យ,7,6
ក្បិត,7,7
សាលដីកា,7,6
ត្រាច,7,6
សាច់ដុំ,7,5
អភិរាជ,7,6
ចំណូរ,7,5
ទស់,7,6
បណ្ណឥណទាន,7,7
ក្អាង,7,7
សក្កៈ,7,5
បន្តុប,7,6
សំណាញ,7,7
បន្តពូជ,7,6
ដំណើប,7,7
សរសៃឈាម,7,7
អ៊ីសូឡង់,7,6
ចុណ្ណភាគ,7,6
ជីវ័ន,7,6
រោគសញ្ញា,7,5
ឧបការិនី,7,6
តាវៅ,7,5
ឆិត,7,6
កង្វះខាត,7,5
កំប្លុក,7,6
បរិកប្ប,7,5
នាមការក៍,7,7
ប្រតិស្រុត,7,6
កម្អែល,7,6
មេជី,7,5
ជំរឹត,7,7
ក្ដៀន,7,7
កឹង,7,7
ឧរង្គ,7,6
រហូន,7,6
ជន្លួញ,7,6
បូរបាច់,7,7
ចំណាល់,7,7
តថ្លៃ,7,6
បណ្ដិប,7,5
ហ្មត់ហ្មង,7,6
សន្ធៅ,7,6
ក្រមាច់,7,7
បុព្វេនិវាសានុស្សតិញ្ញាណ,7,5
សីហលោ,7,6
ចំនៀរ,7,7
ថ្លាថ្លែង,7,6
បោះបោក,7,5
កាតគ្រី,7,5
ខ្ទួយ,7,7
រដ្ឋបុរស,7,6
មមីស,7,6
ចំណាំង,7,7
សស្រាំ,7,5
ផេង,7,7
មហានគរ,7,7
ព្រនង់,7,7
ប្រពលកម្ម,7,6
ខ្សែស្រឡាយ,7,5
កញ្ជប់,7,6
អសាធនីយ,7,7
ប្រីតា,7,5
ពងស្វាស,7,6
ខ្សែជីវិត,7,6
ឱង្កា,7,6
ទីភ្នាក់ងារ,7,6
ឡេវអាវ,7,5
ឌីប្លូម,7,7
កន្ទ្រុំ,7,5
ឆាឆៅ,7,7
ព្រោះថា,7,5
អត្ថរូប,7,7
បកប្រែ,7,7
គំនូសតាង,7,5
បច្ឆាជន,7,6
កៃលាស,7,7
នុ៎ះ,7,7
សុនខី,7,6
បញ្ញាណ,7,7
ថ្នាំងថ្នាក់,7,7
សម្ពលី,7,6
សេរីភាវូបនីយកម្ម,7,7
ទំនៀប,7,7
ផុល,7,7
មច្ឆរិយ,7,5
វិធា,7,6
កណ្ដោល,7,5
ផុស្សតី,7,6
លាលែង,7,7
តូយ៌តន្ត្រី,7,6
បេង,7,5
ច្រហ,7,7
ទឡ្ហីកម្ម,7,7
អណ្ឌៈ,7,7
ស៊ន,7,7
ឆកោណ,7,5
អាណិតអាសូរ,7,7
តាមោង,7,6
យ៉ៃ,7,6
គន្ធព្វ,7,7
អថព្វ,7,6
បរមត្ថវិជ្ជា,7,5
អពល,7,5
វដ្ដៈ,7,6
បិតុលា,7,7
រម្លើង,7,6
វេប,7,7
ធ្លូ,7,7
ទារុណរស,7,7
សូទ្រៈ,7,5
មោង,7,5
ភ្លៀក,7,7
ផួយ,7,7
ជីវិន,7,7
ឡុកឡាក់,7,6
ពនាល័យ,7,7
រោងដោល,7,5
នែប,7,6
សំដិល,7,7
សាំងវិច,7,5
របះ,7,6
រូហាន,7,6
គ្វាម,7,6
ឡឺម,7,7
ពន្យុះ,7,7
ខោល,7,7
ផ្លាង,7,5
ចចើង,7,5
សិក្ខ,7,7
ស្រយង់,7,6
កូអ័រដោណេ,7,5
ភារធារី,7,5
មល្ល,7,5
ស្លឹកគ្រៃ,7,6
អភិនេស្ក្រម៍,7,7
លេលា,7,5
ស្លើត,7,6
ចាត់ការ,7,7
ភាណុ,7,5
ឥសិ,7,7
វិមល,7,6
ខ្សែភាពយន្ត,7,5
សារីបុត្ត,7,7
គ្រីប,7,6
ឡែឡ,7,7
រង្គាត់,7,5
ត្រដោក,7,5
កាលានុវត្តនិយម,7,6
ទុង,7,6
ជីវម៉ាស,7,7
ល្ហក់,7,6
បាឡី,7,6
សាតាំង,7,6
ឌុដាន់,7,7
ពហុធា,7,6
ពស្ត្រា,7,6
ទូលំ,7,5
ខ្វៀល,7,6
ច្រងេងច្រងាង,7,6
បែកថ្នាំ,7,6
សមត្ថជន,7,6
រំអុក,7,6
វណ្ឌ,7,6
រាច,7,6
ត្រអក,7,7
ជាម,7,7
រអើម,7,6
មហិទ្ធានុភាព,7,6
ឆ្ពង់,7,7
ឆ្វៀល,7,7
ភ្នាស,7,7
អភិជនាធិបតេយ្យ,7,7
ស្រពេចស្រពឹល,7,7
គណនីយដ្ឋាន,7,6
ចាយដី,7,5
ពហុបំណង,7,6
សារាចរណែនាំ,7,5
ក្ទម្ព,7,7
ឡាញ់,7,6
សុញ,7,7
ម្សិលម្ង៉ៃ,7,6
រហៀង,7,6
ដឹកដឿ,7,6
សន្ទនីយ៍,7,7
យថាទស្សន៍,7,7
ខួច,7,7
ឧច្ចារៈ,7,6
អនុកម្ម,7,7
ក្រចេះ,7,6
វត្ថិ,7,7
ភុជិស្សជន,7,6
ពង្វាត,7,6
លោហធាតុ,7,7
ហួយ,7,5
ឃ្នាស់,7,6
ទន្សោង,7,6
ពហុភាគី,7,5
ពន្លៃ,7,7
ប្រក់ព្រំ,7,7
វិហារៈ,7,7
សុនី,7,6
រលាត,7,6
ហួត,7,7
បំណកស្រាយ,7,7
ផ្ដាច់មុខ,7,5
តក្កៈ,7,7
រូបវិទ្យា,7,6
ដួងវិញ្ញាណ,6,6
ល្បើកកថា,6,6
អាជីវៈ,6,5
វិច័យ,6,6
ប៉ផាប់,6,6
ច្រាល់,6,5
មួយអន្លើ,6,5
អង្គុលី,6,5
ទក្ខិណាទាន,6,6
ទឹកនោម,6,6
ទ្វេទិស,6,5
បង្ខុស,6,5
បម្រាប,6,6
ប្រូង,6,5
អង្គប់,6,5
ចាយ៉,6,6
វសន្តរដូវ,6,5
ធេងធោង,6,6
ង៉ាំ,6,6
សត្រី,6,5
អេលីប,6,5
អផាសុកភាព,6,6
ចង្ក្រម,6,6
ដំបង,6,6
សួង,6,5
ដល់ក,6,6
ប្រុយ,6,6
កែសម្ផស្ស,6,6
ដំណុះ,6,5
ហ័ន,6,5
សង្ឃ័រ,6,6
ខេត្តុបករណ៍,6,5
ខ្សែតី,6,5
យល់ច្រឡំ,6,5
លាម,6,5
ធម្មធរ,6,6
រដិប,6,5
ប្រកាសនីយបត្រ,6,6
ជូនដំណឹង,6,6
វិស្ណុ,6,5
អាសវ,6,5
បណ្ណធនាគារ,6,5
ត្រសេះ,6,5
បង្អោរ,6,6
ស្គាំង,6,6
ទីចាត់ការ,6,5
ភូធរ,6,6
ស្កះ,6,5
រោងកុន,6,6
តរុណ,6,6
ញេយ្យធម៌,6,6
ហ៊ស,6,6
កុម្ភណ្ឌ,6,5
អមិត,6,6
បញ្ចើ,6,6
ឧច្ឆេទ,6,5
ពំនឹង,6,6
ក្លុក,6,6
ត្រយូងចេក,6,5
អាពុក,6,6
កួន,6,6
ឥន្ទបត្ត,6,5
ផ្លូន,6,5
តាត,6,5
អហិ,6,6
ម្សាញ់,6,5
ចន្ទាស,6,6
រាជាណាចក្រ,6,5
ឆ្គាំ,6,6
ព្រៃរនាម,6,5
ជ្រនីក,6,6
ខ្តត,6,5
ស្លុតី,6,5
ឧត្តមមន្ត្រី,6,6
អំពក,6,5
ទព្វបុរស,6,5
ចន្ទាល់,6,5
ភូស,6,5
ប្រាកដនិយម,6,6
អនគ្ឃ,6,5
បុរិន្ទ,6,5
ត្របែក,6,5
នរវិទូ,6,6
រាមាយណៈ,6,6
ល្មុត,6,6
បន្ទច់,6,6
ពិធីការិនី,6,6
កង្កែប,6,6
ជននី,6,5
អនន្តរាគមន៍,6,5
ត្របោម,6,6
សិរីសោភ័ណ,6,6
ត្រសាល់,6,6
ស្កាំ,6,6
អស់អញ,6,5
កញ្ឆេង,6,5
ថ្កាត់,6,6
ឈ្ងប់,6,5
រង្កៀក,6,6
មាសិកា,6,6
កាមរូបារម្មណ៍,6,5
កំពូជ,6,6
ខ្ញុំកំដរ,6,6
ឆ្មូល,6,6
អង្កាញ់,6,6
ជនី,6,6
ទឹកមុខ,6,6
អភិរាម,6,5
សម្លប,6,5
សាស្ត្រាស្លឹករឹត,6,5
ឈ្លូស,6,5
បញ្ជើច,6,6
ស្រងែ,6,6
កំផែល,6,5
កៀច,6,5
សម្ភោជ,6,6
ឆ្កឺត,6,5
កន្ទ្រាំ,6,6
សុសវែរ,6,5
អភូត,6,6
ដង្គត់,6,5
និសា,6,6
បង្ហៀរ,6,6
ដង្កែ,6,5
កាស៊ីណូ,6,5
តេជវន្ត,6,5
ឋានន្តរនាម,6,6
ព្រាលៗ,6,6
ម្រះព្រៅ,6,6
កន្ធែក,6,6
ស្ពង់,6,5
គ្រុំ,6,6
អាម័យ,6,6
ក្រឺត,6,6
រួប,6,6
ទន្សែ,6,6
ត្រៃសរណគមន៍,6,6
ប៉ៅ,6,6
ដំឡូងមី,6,6
រលូត,6,5
ឥតគិតថ្លៃ,6,5
ស្ញាញ,6,6
ដាយ,6,6
ជ្រុលជ្រួស,6,6
រំលូត,6,6
ទែង,6,6
អង្គើយ,6,5
កំណុំ,6,5
ទល់លាមក,6,6
ប្រែង,6,5
លិម្បកម្ម,6,6
ហាប,6,6
សជី,6,6
ឋិតិ,6,6
កើល,6,6
សិកា,6,5
ដែកគោល,6,5
តូចតាច,6,5
អ្នកផង,6,6
ភ្លូក,6,6
បណ្ណសារដ្ឋាន,6,6
ព្រះក្រុង,6,6
សមញ្ញា,6,5
បន្ទាល,6,5
សុចិត្តា,6,5
កាក់កប,6,5
បុរេលក្ខខណ្ឌ,6,6
ភារា,6,6
ជំនាងផ្ទះ,6,6
អនុប្បយោគ,6,6
ក្បោះ,6,6
ប្រដាប់ភេទ,6,6
ល្វក់,6,6
ឥទ្ធានុភាព,6,6
ខាន់ខៅ,6,5
សុតៈ,6,5
ភាណ,6,6
និរុត្តិ,6,5
របបនយោបាយ,6,5
រដ្ឋសហព័ន្ធ,6,5
ចាន់គិរី,6,6
ពាណិជ្ជូបនីយកម្ម,6,6
អធម្មនុញ្ញភាព,6,5
ភ្សាំ,6,6
រង្វាល់,6,5
នីវ៉ូទឹកសមុទ្រ,6,5
ទឹកដោះ,6,6
រកកល់,6,5
បង្អរ,6,6
កោតក្រែង,6,6
ត្លេវ,6,5
គ័ភ៌,6,5
ជ្រាំង,6,6
ព្រាច,6,6
លលៃ,6,5
ខុន,6,6
សម្អិត,6,6
យាមកា,6,6
ផ្លួក,6,6
អនរិយជន,6,6
យោបំ,6,5
ពិទ្យាធរ,6,6
អាសិរ្ពិស,6,6
ជិវ្ហាបសាទ,6,5
រូបិយាណត្តិ,6,6
វល័យ,6,6
ផាក្រាប,6,5
ត្រយូង,6,5
ស្លាត,6,5
ក្ដាត,6,6
ឡេមឡឺម,6,5
បោក្ខរណី,6,5
អំពៅ,6,5
អន្ត្រើក,6,5
ធម្មសាស្ត្រ,6,5
ក្រឹម,6,5
ស្អុះ,6,6
ប្រតិប័ទ,6,6
អំមិញ,6,5
ទឹកខ្មេះ,6,6
អុជអាល,6,6
កុម៉្មង់ដូ,6,5
ទិល,6,5
រញ្ជួយផែនដី,6,5
សុពលកម្ម,6,5
ញ៉ាំញ៉ើ,6,6
ជំនាញការ,6,6
វេស្សវ័ណ,6,5
ញេយ្យធម្ម,6,5
បំផ្ទុះ,6,6
អសុចិ,6,5
ភ័ព្យ,6,5
សាមគ្គីភេទ,6,6
អាធ័ម,6,5
ម៉ាំង,6,6
ខ្នល់,6,6
អឃោសៈ,6,6
កូនជឹង,6,5
អូត,6,6
ប្រេងកូឡា,6,5
ជុល,6,5
រឹមៗ,6,6
ត្រៃវេទ,6,6
ត្រអាល,6,6
សំរុង,6,6
កាកគតិ,6,6
ស្រាល់,6,5
មហោឡារ,6,6
បមាណីយ,6,5
ចិន្តនាការ,6,5
ស៊ែ,6,5
ចងពុង,6,5
ម្រឹត្យូវ,6,5
នាដការី,6,6
ក្រឡិត,6,5
បំប៉ោង,6,6
ចុងចោទ,6,5
មារគា,6,5
សមាជិកភាព,6,6
ឆ្កឹះឆ្កៀល,6,6
ស្ញាច,6,5
ពាក្យកាត់,6,5
អក្ក,6,6
ខ្មាញ់,6,6
បន្លោះ,6,6
សម្រេក,6,5
កូទីលេដុង,6,6
វេទនារម្មណ៍,6,6
អចិរ,6,6
ជ័យភណ្ឌ,6,5
តៀន,6,6
ចាងវ៉ាង,6,6
ខោអាវ,6,6
អរហត្ត,6,6
ត្រលាត់,6,6
ឧភតោ,6,6
មេធា,6,6
រល់,6,6
ទណ្ឌឃាដ,6,5
ដ្រូន,6,5
ហត្ថលេខ,6,6
ត្រសែត,6,5
ឧទ្ធច្ច,6,5
សុជនភាព,6,5
ស្ទៃ,6,6
ពព្លាក់,6,6
សមុទយៈ,6,5
មហារីក,6,6
ក្រឡាញ់,6,6
អរហំ,6,5
កុញ,6,6
សម្ដើង,6,5
បទអន្តរាគមន៍,6,6
ហត្ថី,6,5
ស្ប៉,6,5
សាលារៀនជំនាន់ថ្មី,6,6
អាតូម,6,5
ខ្ញង់,6,5
កេងកង,6,6
គូឆាយ,6,6
លិខិតឆ្លងដែន,6,6
ស៊ង,6,5
ដែកកិប,6,5
ត្រដឹង,6,5
សង្គហភាព,6,6
ប្រជ្រុយ,6,6
ចន្ទោល,6,6
កន្លុះ,6,6
ទោះជា,6,5
ឧបសម្បន្ន,6,6
ខាត់ណា,6,5
ឃោសនិក,6,5
លិខិតឧទ្ទេសនាម,6,5
កាត់ទោស,6,5
ប៉័ង,6,6
មេឃុំ,6,6
មុទ្រា,6,5
ក្ដៀប,6,5
ការន្ត,6,5
គាប់ជួន,6,6
បញ្ចពិធកល្យាណី,6,6
រាត់,6,6
លំដោយ,6,6
បមាថកម្ម,6,5
បន្ទាបបន្ថោក,6,6
ស្លុះ,6,5
រលៀក,6,5
បញ្ចង្គ,6,5
សម្បទានិក,6,5
ឆ្កោក,6,6
បបែល,6,5
សារបាប់,6,5
ផុរ,6,6
ហិប,6,5
កំភែល,6,5
ហិមាល័យ,6,6
ងាស់,6,6
អវកាសយានិក,6,6
សោភី,6,6
ហេមពាន្ត,6,6
អនុប្បទាយី,6,6
កន្លេង,6,5
កណ្ដាច់,6,5
បិដ្ឋិ,6,6
សម្ពង្ស,6,5
រាមាយណ,6,6
កំពៀច,6,5
ស្ដាប់បង្គាប់,6,6
តុងតាំង,6,5
តុម្ព,6,5
ស្អា,6,6
តាក,6,5
ធនុ,6,6
ខ្មៅដៃ,6,5
មរតកសាសន៍,6,5
អច្ច័យលាភី,6,5
កណ្ដារ,6,6
ចាប់ជាតិ,6,6
ស្នាប់,6,5
មេថុន,6,6
នីហរណកម្ម,6,5
ជម្រះបញ្ជី,6,6
ត្រលាំង,6,5
អុង,6,6
យោមរាជ,6,6
បុរេសនា,6,6
ធ្នស់,6,6
កាឡកណ្ណី,6,6
អភិសមាចារ,6,6
ពាក្យកម្លាយ,6,5
ផើម,6,5
បសាទ,6,5
ប៉ាច់,6,6
អ្នកលេង,6,5
ហោត្រៃ,6,5
ម៉ាច់,6,6
ខ្ជាំ,6,5
រមេញ,6,6
ហរិ,6,6
រស្ស,6,5
ខេមររដ្ឋ,6,5
បំពាក់បំប៉ន,6,6
ត្រៀប,6,6
ស្កូវ,6,5
តេន,6,6
រគឹង,6,6
សង្កេតការណ៍,6,5
ស្រុតិ,6,6
ប្រឡូស,6,6
បំបាក់,6,6
ចុកពោះ,6,5
ទោសាគតិ,6,5
អយុត្ត,6,5
ចក្រាវុធ,6,6
ផាល,6,6
ឱភាស,6,6
រូបថត,6,5
កាន់ជើង,6,5
តម្រាស់,6,6
ជញ្ជួយ,6,6
បំណែងចែក,6,5
ជើងតាង,6,5
អធីនភាព,6,6
ភីង,6,6
ពិលាស,6,5
ភ្លូ,6,6
តួច,6,5
ខ្ញែ,6,6
ចំអៀក,6,5
អង់ស៊ីម,6,6
រលួស,6,5
ផ្ទញ់,6,5
រលើប,6,5
ស្គា,6,6
ជ្រីវ,6,5
សភាពាណិជ្ជកម្ម,6,6
ថាមភាព,6,5
សកលភាព,6,5
កេតុមាលា,6,6
ផុយស្រួយ,6,6
បម្រើបម្រាស់,6,5
អនុស្វារ,6,6
កញ្ច្រឺប,6,5
មត្តិកា,6,6
ពើក,6,5
ផាយោង,6,5
អំបាល,6,6
និរន្តរាយ,6,5
ផលិក,6,5
ចរណៈ,6,6
ស្នងការដ្ឋាន,6,5
បង្ហុយ,6,6
ទិវាករ,6,6
អធម្ម,6,5
ង៉ែត,6,6
អាប់ដេត,6,5
តោន,6,5
នាដករស,6,5
ពិពាហ៍,6,6
អភិវន្ទន៍,6,6
ទំពួន,6,6
សន្តិភាវូបនីយកម្ម,6,6
អធ្យុត្តម,6,5
គង់នៅ,6,6
ចចាត,6,5
អប្រមាទ,6,6
ប្រហាក់,6,6
ក្រេវ,6,6
ក្រឡូម,6,6
ក្រឡឺម,6,6
កាកនាសូរ,6,6
ទិវារាត្រី,6,6
អន្តិម,6,6
សវនៈ,6,5
សិម្ពលី,6,5
ជើងព្រៃ,6,6
សម្អុយ,6,6
បេះបិទ,6,5
ទឹកមន្ត,6,5
ប្រវេ,6,6
សគ្គ,6,6
ចងក,6,6
កញ្ជាក់,6,6
ឈូករ័ត្ន,6,6
ខនិជ,5,5
ញញែម,5,5
អព្រហ្មចារី,5,5
ស្នានីយ,5,5
គគ្រេង,5,5
អន្តរាយិកធម៌,5,5
សំយាក,5,5
កំពីង,5,5
សមោសរ,5,5
ចាក់ក្រឡេក,5,5
មីក្រូទស្សន៍,5,5
វិហង្គ,5,5
អំណោយទាន,5,5
ងងក់,5,5
មហាថេរ,5,5
យថាក្រម,5,5
ដាង,5,5
មាន់រងាវ,5,5
ជវនចិត្ត,5,5
អប្បមាណ,5,5
ព្រៅ,5,5
បរិលាភ,5,5
បង្អើល,5,5
ក្រពេញ,5,5
ពាណិជ្ជកិច្ច,5,5
ទូង,5,5
ហ៊ឹក,5,5
រងៀក,5,5
គប់វង់,5,5
សោភ័ណវិទ្យា,5,5
វិញ្ញត្តិ,5,5
ខ្យល់គរ,5,5
ព្រាកៗ,5,5
សុទ្ធោទនៈ,5,5
ស្មន្ធ,5,5
ទំនាក់ទំនងនិយម,5,5
ខ្យាដំរី,5,5
យុគលពិន្ទុ,5,5
ពិធុរ,5,5
អនុស្សរណ៍,5,5
ម៉ូក,5,5
កតិកាភេទ,5,5
មហាអំណាច,5,5
ចំទើរ,5,5
ទន្ទ្រាម,5,5
ខ្វង់,5,5
បបក់,5,5
គគ្រោក,5,5
ប្រយោជន៍និយម,5,5
ជ្រែះ,5,5
អាស្រាត,5,5
កេវ,5,5
ឆិនឆៃ,5,5
អចលនា,5,5
អកម្មកិរិយា,5,5
ទីន័ង,5,5
ដើមកំណើត,5,5
ឫក្សណៈ,5,5
មនុស្សយន្ត,5,5
ស្ប៉ត,5,5
ទ្រម,5,5
ឧត្តាស,5,5
ផែត,5,5
សមិតិ,5,5
អាជ្ជវៈ,5,5
កំពុក,5,5
ប៊ីលាន,5,5
ឧស្ម័នផ្ទះកញ្ចក់,5,5
ក្រញាំង,5,5
ស្រកានាគ,5,5
មហាក្សត្រិយ៍,5,5
ផ្ដែ,5,5
បោរីភាព,5,5
ឧបក្រម,5,5
រុក្ខសាស្ត្រ,5,5
រាសីចក្រ,5,5
ឈ្លប់,5,5
ប្រួញ,5,5
ប៉ាកកា,5,5
តូង,5,5
សុធីរា,5,5
វេទី,5,5
ទាង,5,5
ចន្ទាភា,5,5
ឆ្កែស្រែង,5,5
រដ្ឋអាជ្ញា,5,5
កុមារដ្ឋាន,5,5
ខ្នាប,5,5
កំពង់ចាម,5,5
ចន្ទាស់,5,5
បន្ទេរ,5,5
អម្មា,5,5
សិខិន,5,5
ជលធារសាស្ត្រ,5,5
ថ្វាត់,5,5
ឆើយ,5,5
កេសរកូល,5,5
ញ៉ែង,5,5
សត្តម,5,5
ផ្នួង,5,5
គគ្រុក,5,5
វិប្បយោគ,5,5
កម្លាំងចិត្ត,5,5
ឡេះឡះ,5,5
រាជក្រម,5,5
ប៉ែន,5,5
សោច,5,5
ហុងស៊ុយ,5,5
គជតា,5,5
អនាទរ,5,5
តេជោជ័យ,5,5
នុយក្លេអ៊ែ,5,5
ខ្ពុរ,5,5
ព្រិចៗ,5,5
សម្ទង់,5,5
ឧបចារ,5,5
ត្រូវតែ,5,5
កាកបាទក្រហម,5,5
ស៊ុតទ្រុឌ,5,5
ស្មិង,5,5
សំបុកចាប,5,5
ក្លងខែក,5,5
ស្អាង,5,5
រោយរាយ,5,5
ទេសកាល,5,5
អាយកូម,5,5
ប្រិតប្រៀន,5,5
ក្រី,5,5
គ្រលស,5,5
ប៉ឹង,5,5
យោគី,5,5
របាទ,5,5
ចតុកោណកែង,5,5
អេកូទេសចរណ៍,5,5
ធម្មយុត្តិ,5,5
បង្អក,5,5
ក្រឡិច,5,5
អាត្មាភាព,5,5
រក្សាសិទ្ធិ,5,5
ឥន្ទ្រា,5,5
ពាក្យចាស់,5,5
មច្ឆរិយៈ,5,5
ថ្ងួច,5,5
តើក,5,5
អូសទាញ,5,5
ត្អើក,5,5
រាន់,5,5
រេញ,5,5
បង្ខាន,5,5
ឡាំ,5,5
អតេកិច្ឆ,5,5
ប្រិចៗ,5,5
ស្រឺត,5,5
និស្ថាបនា,5,5
សប្បុរិស,5,5
ពង្រូល,5,5
សេដ្ឋកិច្ចបៃតង,5,5
និសាករ,5,5
ខ្វាត់,5,5
ជម្រួញ,5,5
បុរីរម្យ,5,5
ដុន,5,5
វិសភាគ,5,5
ត្រៃលក្ខណ៍,5,5
ច្របូក,5,5
មីក្រូហិរញ្ញវត្ថុ,5,5
ឆ្ពាម,5,5
ឌុកដាន់,5,5
អង្គំ,5,5
សារូ,5,5
ពំនូត,5,5
សុភោជន,5,5
ពលរដ្ឋវិជ្ជា,5,5
អចិត្តា,5,5
សូទ,5,5
កេរកាល,5,5
កុណ្ឌល,5,5
វិមុត្តិ,5,5
ជើងឯក,5,5
កាច់កុង,5,5
បាង,5,5
ឈ្មួយ,5,5
មៀងមើល,5,5
វារីជាតិ,5,5
កោវិទ,5,5
កែក,5,5
ដងភ្នំ,5,5
បដិរូបកម្ម,5,5
សាលោហិត,5,5
ដំបន់,5,5
សុក្រំ,5,5
ស្លង់,5,5
សិវៈ,5,5
ខុយ,5,5
ធម្មកថិក,5,5
អាជ្ញាសាលា,5,5
ភ្ងើយ,5,5
ខេន,5,5
ច្រហាញ់,5,5
ប្រផាប់,5,5
ភារត,5,5
ត្រុំ,5,5
ក្បាលក្រពើ,5,5
ស្រប៉ាប,5,5
ហេៈ,5,5
ពាលោ,5,5
រំលីង,5,5
ឈើអែម,5,5
មាក់ប្រេង,5,5
អូវែ,5,5
គណៈមេប្រយោគ,5,5
ប្រតិករ,5,5
ខក់,5,5
ហួង,5,5
មហឹសា,5,5
ពាហិរ,5,5
ប្រឌិតកថា,5,5
កំហុល,5,5
កុសិនារា,5,5
ពោប,5,5
ជាតិភូមិ,5,5
អតិសេដ្ឋ,5,5
ចាស់ជរា,5,5
គគ្រាត,5,5
កាសាវពស្ត្រ,5,5
ត្រុយ,5,5
សេនីយ៍,5,5
បដិប្បញ្ញត្ត,5,5
រាជអាជ្ញា,5,5
អសមកាល,5,5
បាញ់ហយ,5,5
រ៉ាប់,5,5
បរមាណូ,5,5
សុខសួស្ដី,5,5
ដីប្លី,5,5
រីត,5,5
សហកម្មសិទ្ធិករ,5,5
សន្ធឹកសន្ធៃ,5,5
ស្ពាន់ធ័រ,5,5
កាមតណ្ហា,5,5
កំពត,5,5
កាលប្រវត្តិ,5,5
មឹង,5,5
វង្កៈ,5,5
វ៉ូ,5,5
ស្រល់,5,5
អង្គការសហប្រជាជាតិ,5,5
នាគរិកា,5,5
ឡៅតេង,5,5
ក្លាំពូ,5,5
អន្តរវិស័យ,5,5
ដំណិត,5,5
បូព៌និមិត្ត,5,5
គ្រាក់,5,5
ញញី,5,5
ដាច់ណាត់,5,5
ស្រមាម,5,5
ចៅក្រមស៊ើបសួរ,5,5
វស្សានៈ,5,5
កូនក្រមុំ,5,5
ខាល,5,5
ប៊ូឡុង,5,5
ព្រយុង,5,5
រាជទាន,5,5
រាជបញ្ជា,5,5
ប៉ាហ៊ី,5,5
បស្ចិមប្រទេស,5,5
ស្បៃរឿង,5,5
គគ្រឹក,5,5
ឋបនភណ្ឌ,5,5
អវេវចនសព្ទ,5,5
រាមកេរ្តិ៍,5,5
បច្ចូស,5,5
អនីតិភាព,5,5
ឆ្អិត,5,5
សិន្ធ,5,5
កលយុទ្ធ,5,5
ព្រឹមៗ,5,5
អវគមន៍,5,5
ឩរូ,5,5
ជីវ្ហាវិញ្ញាណ,5,5
គូក,5,5
ត្រងិល,5,5
សណ្ដាប,5,5
កុង្សីយ៍,5,5
សុនីតិ,5,5
ចតុរារិយសច្ច,5,5
សូល៍,5,5
អនុរដ្ឋលេខាធិការ,5,5
គម្ភីរ,5,5
ចរន្តអគ្គិសនី,5,5
អស្សាមិក,5,5
រនាល,5,5
ច្រៀវច្រៃ,5,5
អម្ព,5,5
មនុញ្ញ,5,5
ស្រពាប់,5,5
លញ្ច,5,5
ស្កន្ទ,5,5
ផ្ទក់,5,5
ឃានរូបារម្មណ៍,5,5
ស្មោញ,5,5
លំពង់,5,5
សម្រើប,5,5
ទូរលេខ,5,5
ពំនិត,5,5
ចម្រាស,5,5
រតនគភ៌,5,5
ណាគ្រី,5,5
សិសិរៈ,5,5
ភ្លីភ្លើ,5,5
ផ្លៀក,5,5
សុត្តន្តបិដក,5,5
ក្រាក,5,5
ប្រព័ន្ធផ្សព្វផ្សាយ,5,5
ឆ្អឹងខ្នង,5,5
ប្រភាត,5,5
សន្ទិះ,5,5
ចុងចួន,5,5
បន្តោក,5,5
ទុព្វល,5,5
ប្លេះប្លោះ,5,5
នក្សត្រឫក្ស,5,5
ទឹកដៃ,5,5
រសេះរសោះ,5,5
ចងការ,5,5
ហួល,5,5
ស្វាយរៀង,5,5
វិស្សុតកម្ម,5,5
ព្រះសីហនុ,5,5
ហេតុភេទ,5,5
កំហាត,5,5
បុរាណស្ថាន,5,5
ស្មង,5,5
សកភាសា,5,5
ទ្រនឹប,5,5
វិធីការ,5,5
ម្រឹត,5,5
ពន្លួញ,5,5
ឧបលក្ខិត,5,5
ក្របែល,5,5
ជៀបកប្បាស,5,5
ទាសៈ,5,5
រត្តិចរ,5,5
ច្បាស់លះ,5,5
ខន់,5,5
ខ្មែរសេរី,5,5
ឪឡោក,5,5
រមឹល,5,5
រុក្ខា,5,5
ភុជង្គលីលា,5,5
សម្បយុត្ត,5,5
ត្រួសៗ,5,5
កំចាយ,5,5
ពាណិជ្យ,5,5
បរិចរណ៍,5,5
សង្កើច,5,5
រញង់,5,5
ជាតសិលា,5,5
បិទភ្ជាប់,5,5
វិបក្ខ,5,5
បន្ទាស,5,5
កម្រងកែវ,5,5
ឧទ្យានុរក្ស,5,5
បញ្ចសីល,5,5
សិល្ប៍វិជ្ជា,5,5
កោងកាច,5,5
គាប្បី,5,5
អបរាជិត,5,5
ឃ្ញើច,5,5
សង្ឃា,5,5
ចច្រែត,5,5
ឫក្សពារ,5,5
អំពែ,5,5
បរិវត្តន៍វប្បធម៌,5,5
បាញ់ស៊ុង,5,5
និទ្រាលុភាព,5,5
ត្រាប្រណី,5,5
ព្រត,5,5
គុណផល,5,5
វ៉ូង,5,5
ក្រវេមក្រវាម,5,5
ប៉ប្រៃ,5,5
កញ្ច្រឹក,5,5
